LST,pollutant,season,n_cells,pearson_r,pearson_p,spearman_rho,spearman_p
LST Day,CH₄,Winter,4900,0.3383332979583945,1.6920243854030572e-131,0.36319196388180264,1.1046610835073006e-152
LST Day,CH₄,Pre-monsoon,4886,-0.15502901519706708,1.1563605757000817e-27,-0.28746339066407667,1.3356870090742293e-93
LST Day,CH₄,Monsoon,1993,0.2053788912281635,2.008548252767402e-20,0.13855622425376496,5.242397534363775e-10
LST Day,CH₄,Post-monsoon,4873,0.5775816407891068,0.0,0.5039292360555463,0.0
LST Day,HCHO,Winter,4920,-0.06643888575652021,3.0986022709728295e-06,-0.08810120424929888,6.011601790550507e-10
LST Day,HCHO,Pre-monsoon,4920,0.15829312660804656,5.667886398478562e-29,0.18494785181066997,4.147943098867555e-39
LST Day,HCHO,Monsoon,4920,0.4960452598574569,5.371712145209754e-304,0.4719840901291048,1.7560843239925576e-271
LST Day,HCHO,Post-monsoon,4920,0.43958616658781796,1.265564518577769e-231,0.34259750338803524,1.5370023108793352e-135
LST Day,O₃,Winter,4920,-0.4961356921009027,4.0080523543092284e-304,-0.48257523507750477,1.7890703375716416e-285
LST Day,O₃,Pre-monsoon,4920,-0.5719407447160552,0.0,-0.5907986438808607,0.0
LST Day,O₃,Monsoon,4920,0.41247618934496655,1.8942756385508747e-201,0.4582067637892148,5.27945145184887e-254
LST Day,O₃,Post-monsoon,4920,0.33114382959633065,3.145791482351896e-126,0.24462895463826853,5.827931973180488e-68
LST Day,UVAI,Winter,4920,-0.20167794210365383,2.5365244785884985e-46,-0.2182585957398511,3.898486173551826e-54
LST Day,UVAI,Pre-monsoon,4920,0.18362938893438346,1.4391807462704228e-38,0.13507700839664788,1.801458028128159e-21
LST Day,UVAI,Monsoon,4920,0.16166745230897292,3.64016231659368e-30,0.158297947197008,5.64594186046554e-29
LST Day,UVAI,Post-monsoon,4920,0.3412123555810162,2.1569815648861697e-134,0.22465343967770565,2.4984551760989867e-57
LST Day,NO₂,Winter,4920,0.1661407387078049,8.71383714616162e-32,0.08017838508271324,1.7857827371752455e-08
LST Day,NO₂,Pre-monsoon,4920,0.1270827533741483,3.621001196435468e-19,0.057086980363756035,6.162890180859343e-05
LST Day,NO₂,Monsoon,4920,0.4348585891262792,3.6750697559171066e-226,0.4855986601704458,1.469226729775146e-289
LST Day,NO₂,Post-monsoon,4920,0.507575905580933,1.589e-320,0.5354691501201809,0.0
LST Day,CO,Winter,4920,-0.3426904643737379,1.2866923295569486e-135,-0.4338907730806947,4.7092742112265874e-225
LST Day,CO,Pre-monsoon,4920,0.16524232583355003,1.859724720019832e-31,0.19732561544936134,2.213417440434701e-44
LST Day,CO,Monsoon,4920,0.5124400536365878,0.0,0.5025545633816828,0.0
LST Day,CO,Post-monsoon,4920,0.3646968120194389,1.1963045386944513e-154,0.24758251068341017,1.2814662081709675e-69
LST Day,SO₂,Winter,4920,0.0068036342795975285,0.6332840657790935,-0.010333510996158594,0.46866330628726727
LST Day,SO₂,Pre-monsoon,4920,0.3634130389466189,1.6986638219268797e-153,0.35473849220310827,7.556784371061142e-146
LST Day,SO₂,Monsoon,4920,0.2559951748136543,1.8312066259845204e-74,0.25229493081460025,2.6078371709200466e-72
LST Day,SO₂,Post-monsoon,4920,0.008655592580017732,0.5438616392143635,-0.03169610677395977,0.026199315836352165
LST Day,AOD,Winter,4920,-0.5207296122287218,0.0,-0.5592528549488293,0.0
LST Day,AOD,Pre-monsoon,4920,-0.3473107476976032,1.7342414419398493e-139,-0.3453726937768931,7.423265302732815e-138
LST Day,AOD,Monsoon,4920,0.29447935578152057,5.1687121275652924e-99,0.33112524109340047,3.254768908914689e-126
LST Day,AOD,Post-monsoon,4920,0.2787561037294748,1.6779132489893336e-88,0.13817881459824713,2.106611113988969e-22
LST Night,CH₄,Winter,4900,-0.1343813272408339,3.4811318038802955e-21,-0.1101314432759689,1.0690682083136541e-14
LST Night,CH₄,Pre-monsoon,4886,-0.32006719328988875,8.49183141916554e-117,-0.3604609530595536,7.742180723721431e-150
LST Night,CH₄,Monsoon,1993,0.08704452449432977,9.988133486781367e-05,-0.04521063114384768,0.043580311379786185
LST Night,CH₄,Post-monsoon,4873,-0.04000866767152393,0.005217619096322219,0.06415511728747367,7.39686446427321e-06
LST Night,HCHO,Winter,4920,-0.3043407851694776,5.909521564734501e-106,-0.3446236965043426,3.147839501330958e-137
LST Night,HCHO,Pre-monsoon,4920,-0.06992528387714009,9.130295989693288e-07,-0.05252449146033557,0.0002279689222595506
LST Night,HCHO,Monsoon,4880,0.3828599038596035,3.786449364903238e-170,0.21808069766365534,1.2684871797811784e-53
LST Night,HCHO,Post-monsoon,4920,0.058442001319963535,4.100464845488132e-05,0.04631320964788348,0.0011562749086451941
LST Night,O₃,Winter,4920,-0.5618163256210116,0.0,-0.5447188356289087,0.0
LST Night,O₃,Pre-monsoon,4920,-0.4791564605187965,6.655246769366738e-281,-0.525889719813545,0.0
LST Night,O₃,Monsoon,4880,0.3932921966578106,2.942602287405437e-180,0.2526451821073103,6.146361611651538e-72
LST Night,O₃,Post-monsoon,4920,-0.11768290597121434,1.2184773378805212e-16,-0.21014160779874974,3.1578719300295825e-50
LST Night,UVAI,Winter,4920,-0.5213242195774725,0.0,-0.52194916845204,0.0
LST Night,UVAI,Pre-monsoon,4920,0.04727969491572673,0.0009087945215803913,0.06617790710589559,3.387420859083368e-06
LST Night,UVAI,Monsoon,4880,0.05867051441703656,4.113174276014852e-05,-0.011084031005159775,0.43885833041172306
LST Night,UVAI,Post-monsoon,4920,-0.14935525787137777,6.109226276239691e-26,-0.17549220655128137,2.525420495419435e-35
LST Night,NO₂,Winter,4920,-0.03579958594458488,0.012030551882069238,-0.2327139480964436,1.6908404775916373e-61
LST Night,NO₂,Pre-monsoon,4920,-0.0011563667798530908,0.935370283763925,-0.13749813608800046,3.388135760967448e-22
LST Night,NO₂,Monsoon,4880,0.21883292311576868,5.4478869529568e-54,0.18478144950848616,9.766848857287364e-39
LST Night,NO₂,Post-monsoon,4920,0.15528509496648382,6.2278613415635795e-28,0.19965397619679395,2.053209603045535e-45
LST Night,CO,Winter,4920,-0.39242326670759364,7.422186035813389e-181,-0.47043927879586206,1.755833112485456e-269
LST Night,CO,Pre-monsoon,4920,0.26577358703715764,2.5108024637811043e-80,0.28907554306550776,2.52600535668032e-95
LST Night,CO,Monsoon,4880,0.32479617002995465,2.8755139251844743e-120,0.09614373564360004,1.6944483965836082e-11
LST Night,CO,Post-monsoon,4920,-0.03825537708915924,0.007282627056107841,-0.045955561020929354,0.0012626689230396124
LST Night,SO₂,Winter,4920,0.0943803144150736,3.2844292775621303e-11,0.060630181542230155,2.084892269372682e-05
LST Night,SO₂,Pre-monsoon,4920,0.5147851922695429,0.0,0.5013805555319806,0.0
LST Night,SO₂,Monsoon,4880,0.17360426149609667,2.5147267665845665e-34,0.1298049933957197,8.706158198565406e-20
LST Night,SO₂,Post-monsoon,4920,0.026451598287083617,0.06356196464904701,0.030645459774056777,0.03159365527118898
LST Night,AOD,Winter,4920,-0.5197013115348128,0.0,-0.5494663667138634,0.0
LST Night,AOD,Pre-monsoon,4920,-0.210523563860664,2.0848754349191786e-50,-0.22206753364638182,5.024468911899898e-56
LST Night,AOD,Monsoon,4880,0.20784449377940986,9.15529522516609e-49,0.19419574600678344,1.1178784802133418e-42
LST Night,AOD,Post-monsoon,4920,-0.0024369164589188586,0.8643112432578383,-0.10641116778112486,7.246476520546229e-14
