variable,unit,season,months,mean,std,min,max,coverage_%
CH4,ppb,Winter,Dec–Feb,1944.5533059706336,15.972255346413718,1821.2032470703125,2020.6842854817708,99.94805113028147
CH4,ppb,Pre-monsoon,Mar–May,1933.5469837332028,18.569598422238652,1794.532958984375,2004.5225219726562,99.41675587179648
CH4,ppb,Monsoon,Jun–Sep,1966.1434208038338,31.209201578379247,1841.3720703125,2118.128173828125,31.776966186008437
CH4,ppb,Post-monsoon,Oct–Nov,1964.213011798,22.377708729344338,1780.6011962890625,2078.84619140625,99.2609092626409
HCHO,mol/m²,Winter,Dec–Feb,0.00019281158290127234,2.3652001924396504e-05,8.694001492888977e-05,0.00028591421626818675,100.0
HCHO,mol/m²,Pre-monsoon,Mar–May,0.00023760965617853694,2.9803164807120234e-05,0.00013382121930286908,0.0003548998599095891,100.0
HCHO,mol/m²,Monsoon,Jun–Sep,0.00017298705943690263,3.0813397881242315e-05,2.7031505699900055e-05,0.00028910448600072414,100.0
HCHO,mol/m²,Post-monsoon,Oct–Nov,0.00019591587677050837,2.9514611762609895e-05,7.293155977095012e-05,0.0003346721496200189,100.0
O3,DU,Winter,Dec–Feb,264.0694238768248,2.4846773583095265,257.31061182610284,269.8041408204219,100.0
O3,DU,Pre-monsoon,Mar–May,291.7518954078626,2.645132228963935,284.036233252443,297.51901476244893,100.0
O3,DU,Monsoon,Jun–Sep,279.72253609517196,0.8949613101404006,277.0769681936421,283.12144061849216,100.0
O3,DU,Post-monsoon,Oct–Nov,263.9185575123062,1.4895538671392143,258.5136625219805,267.2447693878314,100.0
UVAI,index,Winter,Dec–Feb,-0.04662506225175589,0.12821298336858283,-0.5159726242224375,0.3709620436032613,100.0
UVAI,index,Pre-monsoon,Mar–May,-0.24751280384342525,0.09190387765245021,-0.5498496095339457,0.16514864563941956,100.0
UVAI,index,Monsoon,Jun–Sep,-0.7784748606669639,0.06896975081270741,-1.0295016765594482,-0.39357128739356995,100.0
UVAI,index,Post-monsoon,Oct–Nov,-0.4334192148786992,0.08075319699561165,-0.7102452665567398,-0.011696234345436096,100.0
NO2,µmol/m²,Winter,Dec–Feb,42.63859557173804,27.707298514542547,11.423014560326314,272.66572578810155,100.0
NO2,µmol/m²,Pre-monsoon,Mar–May,36.12364122368982,14.27433265061462,15.574577143221784,181.17307627107948,100.0
NO2,µmol/m²,Monsoon,Jun–Sep,24.497882304369437,9.317235569263474,4.262636821295018,119.81768147961702,100.0
NO2,µmol/m²,Post-monsoon,Oct–Nov,32.21461507172031,21.548668566552116,5.901572308175673,294.1292987088673,100.0
CO,mol/m²,Winter,Dec–Feb,0.04617475969808768,0.0023068436946305114,0.036776766180992126,0.05085340514779091,100.0
CO,mol/m²,Pre-monsoon,Mar–May,0.048166772602479216,0.001255563358205977,0.04314912110567093,0.05537356808781624,100.0
CO,mol/m²,Monsoon,Jun–Sep,0.03501973011274353,0.0016539219587663387,0.029906710144132376,0.039748137816786766,100.0
CO,mol/m²,Post-monsoon,Oct–Nov,0.03747540787640484,0.0020510334450807377,0.03046132903546095,0.04241345822811127,100.0
SO2,µmol/m²,Winter,Dec–Feb,97.62034187157688,54.5584015066717,-112.82628959937331,388.8613039938112,100.0
SO2,µmol/m²,Pre-monsoon,Mar–May,136.73460668391616,54.00928297315706,-54.47089461085852,354.51996761063737,100.0
SO2,µmol/m²,Monsoon,Jun–Sep,15.291076779343353,29.293904765454094,-143.29700661619427,216.58205241692485,100.0
SO2,µmol/m²,Post-monsoon,Oct–Nov,26.12021766181218,41.54643247479426,-153.78764874185435,248.22436535032466,100.0
AOD,550 nm,Winter,Dec–Feb,0.5146565230100805,0.18482001014097693,0.061000000685453415,1.5019999742507935,99.9767044055297
AOD,550 nm,Pre-monsoon,Mar–May,0.573518595406864,0.137975253235507,0.014000000432133675,1.9375,99.88085967399479
AOD,550 nm,Monsoon,Jun–Sep,0.36801157740867757,0.21180321932758397,0.004000000189989805,1.6399999856948853,93.44595089288686
AOD,550 nm,Post-monsoon,Oct–Nov,0.28586536476294766,0.12007993843966683,0.0215000007301569,0.9632500112056732,99.8702102593798
LST_Day,°C,Winter,Dec–Feb,22.167071385271278,0.9851372253728661,19.30666732788086,28.0600004196167,99.99872495330142
LST_Day,°C,Pre-monsoon,Mar–May,28.568099606149136,1.4470877266803186,23.181111017862957,36.146514892578125,100.0
LST_Day,°C,Monsoon,Jun–Sep,28.432401088804678,1.5040930376955017,13.728571573893229,36.470001220703125,99.9400728051665
LST_Day,°C,Post-monsoon,Oct–Nov,26.382047730383512,0.7290636447345676,22.667142868041992,31.221667289733887,99.99872495330142
LST_Night,°C,Winter,Dec–Feb,16.691353072704576,1.3018461247619166,12.460459073384603,22.853333791097004,100.0
LST_Night,°C,Pre-monsoon,Mar–May,23.434833318910606,0.9189477099041726,19.616549809773762,27.745960235595703,99.9993624766507
LST_Night,°C,Monsoon,Jun–Sep,26.37566111534699,1.111029654714355,15.449999809265137,31.25,97.6526390279044
LST_Night,°C,Post-monsoon,Oct–Nov,22.658242774203046,1.1255263742537327,18.787500381469727,27.34062099456787,99.9993624766507
