variable,date,mean_value,pct_valid,n_granules
AOD,2025-08-01,,0.0,72
AOD,2025-08-02,0.9180233977619532,0.18767493098221,71
AOD,2025-08-03,0.39349570429570413,0.95555750718816,70
AOD,2025-08-04,0.41689881956155156,0.03773863481602255,71
AOD,2025-08-05,0.39536830976246057,2.3174576506331555,71
AOD,2025-08-06,,0.0,72
AOD,2025-08-07,,0.0,70
AOD,2025-08-08,,0.0,70
AOD,2025-08-09,0.31493588378834275,3.885933862565183,71
AOD,2025-08-10,0.1800706480278758,6.173226061422968,71
AOD,2025-08-11,0.3145541576906506,0.7385444469476252,72
AOD,2025-08-12,0.33558198003469747,2.2376528478350233,70
AOD,2025-08-13,0.17576138777436862,0.2696435003633855,70
AOD,2025-08-14,0.2591649402292643,5.185275695682775,71
AOD,2025-08-15,0.2095151150768086,36.253463617537705,71
AOD,2025-08-16,0.25218078870237154,10.270190806028506,72
AOD,2025-08-17,0.19890939563041451,6.8539852125646075,71
AOD,2025-08-18,0.17651157249363172,23.209642253015588,70
AOD,2025-08-19,0.2016813202731347,17.353789837170197,71
AOD,2025-08-20,0.20645264845204464,8.853560096071234,71
AOD,2025-08-21,0.34706350386674595,0.427916661893652,71
AOD,2025-08-22,0.27424054659216945,3.041173932467572,71
AOD,2025-08-23,0.25594399528917466,1.9993839629257684,70
AOD,2025-08-24,0.3184124119126713,6.6286352869599945,71
AOD,2025-08-25,0.2715210020524284,33.766913972459065,71
AOD,2025-08-26,0.24644271858533032,21.8235588359954,70
AOD,2025-08-27,0.1944470655567838,27.576505058758993,71
AOD,2025-08-28,0.35320760144204993,3.318708816839702,70
AOD,2025-08-29,0.360219999049475,1.3390533139358018,71
AOD,2025-08-30,0.19528163563378256,13.681814305551843,71
AOD,2025-08-31,0.21013153923772665,20.749948769644135,70
