variable,date,mean_value,pct_valid,n_images
CO,2025-01-01,0.0454632928631264,96.35608979376757,15
CO,2025-01-02,0.044749704311121435,88.11786672979771,14
CO,2025-01-03,0.04516471047298885,80.05299955324583,14
CO,2025-01-04,0.04508231239170682,81.25465368915837,14
CO,2025-01-05,0.04889563731999583,68.09634361631576,14
CO,2025-01-06,0.04405105104254439,80.22304615059562,14
CO,2025-01-07,0.04860389702222508,88.70838408638768,15
CO,2025-01-08,0.05109768743918153,73.47661286524693,14
CO,2025-01-09,0.05035170093753175,89.95942301254853,14
CO,2025-01-10,0.04896921294158142,93.3159977445915,14
CO,2025-01-11,0.045947789673276555,77.38532991712776,14
CO,2025-01-12,0.04396190892919703,81.49069516729091,15
CO,2025-01-13,0.05049833595913388,77.1226868380624,14
CO,2025-01-14,0.050578548390049216,88.07809160878588,14
CO,2025-01-15,0.050361691724768384,55.32000198557403,14
CO,2025-01-16,0.049898767274806376,76.60261917580856,14
CO,2025-01-17,0.04824508725088107,74.34116489556004,15
CO,2025-01-18,0.05005508783922341,91.95995249895947,14
CO,2025-01-19,0.04564843962998244,93.53307444502565,14
CO,2025-01-20,0.04866011566891636,84.44067270230255,14
CO,2025-01-21,0.053971043885067085,89.8835639017548,14
CO,2025-01-22,0.05315705032616832,79.91095464108841,14
CO,2025-01-23,0.05096304416789715,86.02722272922237,15
CO,2025-01-24,0.05298293078570926,78.1430300623546,14
CO,2025-01-25,0.05685903353641665,63.72744432437657,14
CO,2025-01-26,0.05440437735929749,83.81935349200104,14
CO,2025-01-27,0.054307313409372046,72.49559928061124,14
CO,2025-01-28,0.05707839905288183,84.83963307609966,15
CO,2025-01-29,0.05765536628098818,73.99948069602004,14
CO,2025-01-30,0.05162125459122416,90.4992827750179,14
CO,2025-01-31,0.0515948123470349,73.60892082778068,14
CO,2025-02-01,0.0498289954933404,77.48664510536908,14
CO,2025-02-02,0.05243325958980917,71.94059315206057,14
CO,2025-02-03,0.048067080279776506,84.82868696279718,15
CO,2025-02-04,0.04991393526709043,85.67255593018417,14
CO,2025-02-05,0.053171076957977896,55.500167373709196,14
CO,2025-02-06,0.05095085758213828,70.54884575780832,14
CO,2025-02-07,0.04122694246374226,95.56796963599078,14
CO,2025-02-08,0.042007736422372134,91.03125115347848,15
CO,2025-02-09,0.046677754653077386,90.56635953909222,14
CO,2025-02-10,0.045957160618948875,78.05393379128815,14
CO,2025-02-11,0.04810232679250216,70.59778506670125,14
CO,2025-02-12,0.047311983771287654,76.71863524877591,14
CO,2025-02-13,0.04620520715599512,86.70308158545537,15
CO,2025-02-14,0.04536789953000273,83.00151336380421,14
CO,2025-02-15,0.04754756900797725,77.99939414535672,14
CO,2025-02-16,0.047660847762482875,41.99667289067757,14
CO,2025-02-17,0.05000302406546632,40.93388165724153,14
CO,2025-02-18,0.04768954763043685,70.14390320581111,14
CO,2025-02-19,0.04765101471289265,78.79979686050198,15
CO,2025-02-20,0.05260414782674904,60.25829008982174,14
CO,2025-02-21,0.04831169746614679,52.634767656017054,14
CO,2025-02-22,0.045976619252455934,61.78673661996748,14
CO,2025-02-23,0.042569634723987546,54.26071096278701,14
CO,2025-02-24,0.04131559732180874,77.41123147593062,15
CO,2025-02-25,0.04402978019908181,80.62366116942673,14
CO,2025-02-26,0.04418837157758495,79.3238738549538,14
CO,2025-02-27,0.049593892511375096,64.37110124263835,14
CO,2025-02-28,0.057992799670244316,46.41463877189695,14
CO,2025-03-01,0.0534186888488968,65.76023938895229,15
CO,2025-03-02,0.047790912228842616,86.1713677677693,14
CO,2025-03-03,0.04641397770385045,73.46604859310621,14
CO,2025-03-04,0.04555469377783822,60.76722071819226,14
CO,2025-03-05,0.04374402320051193,51.41688527073174,14
CO,2025-03-06,0.04739141931261989,62.78448757552499,14
CO,2025-03-07,0.045659342166278816,77.82253804728978,15
CO,2025-03-08,0.0485980700041344,83.66839895273692,14
CO,2025-03-09,0.04918654854762625,57.53321699905937,14
CO,2025-03-10,0.054928139527240134,61.28493369328225,14
CO,2025-03-11,0.05592184409901464,48.644527516110514,14
CO,2025-03-12,0.05360559345639797,64.40260313847975,14
CO,2025-03-13,0.05077043319673926,89.39697098134445,14
CO,2025-03-14,0.05847177606569042,76.39941603758334,14
CO,2025-03-15,0.05643854122495185,77.11804110392822,14
CO,2025-03-16,0.04985234216989662,54.943824801092525,14
CO,2025-03-17,0.05754040313572706,64.89791476541589,15
CO,2025-03-18,0.05047072172621577,95.79586516934015,14
CO,2025-03-19,0.044658641397501635,81.14353791109976,14
CO,2025-03-20,0.06207907299496942,45.16557269173829,14
CO,2025-03-21,0.05806875161665832,26.439954840918595,14
CO,2025-03-22,0.047463916611410015,26.98675138449235,14
CO,2025-03-23,0.048672648294890264,79.06129441608213,15
CO,2025-03-24,0.047451090618614064,85.75821563079519,14
CO,2025-03-25,0.05119982783397889,69.01925370417742,14
CO,2025-03-26,0.05513812193290873,72.68594709972544,14
CO,2025-03-27,0.05399257281102685,48.03606362491997,14
CO,2025-03-28,0.05028927164424966,77.10442210249384,15
CO,2025-03-29,0.04557108505840965,94.18010429354928,14
CO,2025-03-30,0.048544117700678464,79.77330090229064,14
CO,2025-03-31,0.05145747127100902,79.75726357349869,14
CO,2025-04-01,0.05065398856764711,83.46163196366903,14
CO,2025-04-02,0.05412440273931575,89.04771359876386,14
CO,2025-04-03,0.05452952793965939,83.92315064779349,15
CO,2025-04-04,0.0537354614516878,21.099015231643932,14
CO,2025-04-05,0.05553734915375569,50.25220608731175,14
CO,2025-04-06,0.052974249782672365,47.40036173086047,14
CO,2025-04-07,0.05259971284107535,74.53138543428702,14
CO,2025-04-08,0.051256961822449015,83.53857295775434,15
CO,2025-04-09,0.04561578880821711,93.05469110959217,14
CO,2025-04-10,0.047039833026914134,77.63518131727561,14
CO,2025-04-11,0.05035707471533328,79.68636839780723,14
CO,2025-04-12,0.045305527086448964,75.85217401265416,14
CO,2025-04-13,0.04886748312455528,87.70840572405355,15
CO,2025-04-14,0.05134177106906043,78.56337354120762,14
CO,2025-04-15,0.046523369584019154,65.64581432082547,14
CO,2025-04-16,0.05030886689473968,56.51669218638429,14
CO,2025-04-17,0.04565431024924209,35.65944605029864,14
CO,2025-04-18,0.048831736564863636,45.59361663401921,14
CO,2025-04-19,0.050570287691322144,83.41663834678052,15
CO,2025-04-20,0.04437966242888474,94.16540340882328,14
CO,2025-04-21,0.04924683782311221,37.024337282843746,14
CO,2025-04-22,0.048439155250538775,85.69476635775717,14
CO,2025-04-23,0.043857092489677764,80.5597664150333,14
CO,2025-04-24,0.04556777872932862,85.11621335756753,15
CO,2025-04-25,0.04719213392489472,94.57734638211859,14
CO,2025-04-26,0.04817579212626932,96.3450164000779,14
CO,2025-04-27,0.05789044941050209,16.945792555879272,14
CO,2025-04-28,0.04724890238358294,30.689083288466996,14
CO,2025-04-29,0.04915943420458177,79.02826515559384,15
CO,2025-04-30,0.04993979518684799,46.27946700065035,14
CO,2025-05-01,0.04521575314626782,85.84966658902563,14
CO,2025-05-02,0.04637992964708746,57.72292841623735,14
CO,2025-05-03,0.049782989056149286,84.08536950132816,14
CO,2025-05-04,0.05046456410631436,52.587037510802894,14
CO,2025-05-05,0.04548628334548758,92.00119134442447,15
CO,2025-05-06,0.04394234931987123,59.878358133916755,14
CO,2025-05-07,0.04291721686120651,97.91107428465239,14
CO,2025-05-08,0.04497608084498561,74.66687540650172,14
CO,2025-05-09,0.045127303962103994,92.43152633367569,14
CO,2025-05-10,0.04747716716625837,94.69399885702212,15
CO,2025-05-11,0.05264236505165985,95.3456107994863,14
CO,2025-05-12,0.05337254431254786,52.31446656153307,14
CO,2025-05-13,0.050861323141106966,76.33494852144734,14
CO,2025-05-14,0.0444083617587516,79.17355571762596,14
CO,2025-05-15,0.04500575944700089,60.57515461385038,15
CO,2025-05-16,0.047829380343317456,87.30804526599688,14
CO,2025-05-17,0.046550880932428006,68.7925673345068,14
CO,2025-05-18,0.0432940304452848,41.97840815510897,14
CO,2025-05-19,0.04157287888925696,55.918156165398315,14
CO,2025-05-20,0.04464721791250366,36.9082575696828,14
CO,2025-05-21,0.04410739970210338,64.42417716411659,15
CO,2025-05-22,0.045535783172308206,46.577684947948654,14
CO,2025-05-23,0.03962291522331099,12.321250606172848,14
CO,2025-05-24,0.038072168118774896,32.678857582156304,14
CO,2025-05-25,0.035866806531119844,28.664052327512792,14
CO,2025-05-26,0.03308648036683348,29.693941580847866,15
CO,2025-05-27,0.03359356587101293,80.75908750144785,14
CO,2025-05-28,0.03572512470876941,38.72683974253724,14
CO,2025-05-29,0.03581222874236097,6.454642997605853,14
CO,2025-05-30,0.0399446401452236,6.713022183698693,14
CO,2025-05-31,0.04215539007440169,24.80618379033352,14
CO,2025-06-01,0.05308610847737958,21.40512456295096,15
CO,2025-06-02,0.042943490762987264,31.91320241272699,14
CO,2025-06-03,0.040447573148613476,44.81835179535347,14
CO,2025-06-04,0.039555370953153236,29.068294837380197,14
CO,2025-06-05,0.038872203427381506,58.308927319080425,14
CO,2025-06-06,0.039473237599189734,76.27620862273706,15
CO,2025-06-07,0.04019824071628801,89.25085309679541,14
CO,2025-06-08,0.040587858566737314,90.6321634992942,14
CO,2025-06-09,0.04031029644646474,90.50017373772855,14
CO,2025-06-10,0.03844505694555507,87.1614819000925,14
CO,2025-06-11,0.03770675833072764,85.3446180124658,15
CO,2025-06-12,0.036557120638757705,88.99501951844732,14
CO,2025-06-13,0.036094591074815136,95.9267730476143,14
CO,2025-06-14,0.037236402530748045,36.58980204081373,14
CO,2025-06-15,0.03958063983241221,13.282217529818604,14
CO,2025-06-16,0.0369113033242902,47.37102360160219,14
CO,2025-06-17,0.03806478576601419,35.084138699983576,15
CO,2025-06-18,0.03876125983406445,25.53887333946824,14
CO,2025-06-19,0.03791674338696953,36.529980258811925,14
CO,2025-06-20,0.03791258363147824,43.35004524817763,14
CO,2025-06-21,0.039262636566381466,39.07896093383075,14
CO,2025-06-22,0.03682653306378556,54.085573149947706,15
CO,2025-06-23,0.03440827395065649,63.52475030770033,14
CO,2025-06-24,0.032966261618457796,42.63606591596692,14
CO,2025-06-25,0.033167363799885115,50.77997421299354,14
CO,2025-06-26,0.033003758201141827,61.14358882325459,14
CO,2025-06-27,0.03284787372818454,63.52665951350887,15
CO,2025-06-28,0.0335373758701572,78.27750179147145,14
CO,2025-06-29,0.032467546803934676,79.32934691160504,14
CO,2025-06-30,0.03332931179206063,44.078343623952605,14
CO,2025-07-01,0.03352812572669283,56.31648013725914,14
CO,2025-07-02,0.032091245832285044,58.94564745623779,14
CO,2025-07-03,0.03324335284774043,79.27073429328205,15
CO,2025-07-04,0.03398172853446695,61.32827266513674,14
CO,2025-07-05,0.03357186821240329,56.78035350854748,14
CO,2025-07-06,0.031485320636121,31.239189122108957,14
CO,2025-07-07,0.03176014810397083,31.175548928490027,14
CO,2025-07-08,0.033045757237023764,17.690637381995156,15
CO,2025-07-09,0.033163801980780734,10.386525079963905,14
CO,2025-07-10,0.031320820759135795,8.707505851715798,14
CO,2025-07-11,0.03247458185128045,76.26838087892193,14
CO,2025-07-12,0.03583949767477341,67.97670005231217,14
CO,2025-07-13,0.03735564499323193,49.85674592416378,15
CO,2025-07-14,0.0349881840947756,17.714884295763973,14
CO,2025-07-15,0.031679136689235124,35.67764714567366,14
CO,2025-07-16,0.030815722350774396,9.943589332376176,14
CO,2025-07-17,0.03271976483770693,18.797340349028268,14
CO,2025-07-18,0.03540141175400617,66.56146942661452,14
CO,2025-07-19,0.03659976821469593,69.9000339838633,15
CO,2025-07-20,0.03343987431890118,15.360706253412715,14
CO,2025-07-21,0.037003630217432706,76.71068022457351,14
CO,2025-07-22,0.035852864496984466,28.83250792002208,14
CO,2025-07-23,0.03802016161047817,72.74729624637405,14
CO,2025-07-24,0.03666777652155722,15.75438449113937,15
CO,2025-07-25,0.034122762722259004,78.26547379487741,14
CO,2025-07-26,0.0337772813823626,43.866930900750575,14
CO,2025-07-27,0.03296422811700738,4.7630866512148256,14
CO,2025-07-28,0.03536056833147252,2.338968036076352,14
CO,2025-07-29,0.03201015165271622,43.94164448805918,15
CO,2025-07-30,0.03139228521716992,58.8205944757766,14
CO,2025-07-31,0.03349126256669363,37.54440494509761,14
CO,2025-08-01,0.035558697624671384,38.085092030084,14
CO,2025-08-02,0.034969125682054646,14.463697724353947,14
CO,2025-08-03,0.031637989992985574,21.579753254241293,14
CO,2025-08-04,0.0341054131271223,14.57474986221898,15
CO,2025-08-05,0.034796882301855715,31.383843282204772,14
CO,2025-08-06,0.03692105966672572,46.47255134809017,14
CO,2025-08-07,0.03478470600983492,5.56215292229405,14
CO,2025-08-08,0.035124111480092375,36.87713751500317,14
CO,2025-08-09,0.035493789655213846,77.81146465360004,15
CO,2025-08-10,0.0367186147589194,60.1270640105795,14
CO,2025-08-11,0.03652646862694354,59.57466712996724,14
CO,2025-08-12,0.04095349191026103,3.7956920680135453,14
CO,2025-08-13,0.030573303715029275,2.2694093044508667,14
CO,2025-08-14,0.03121369174917394,29.093369073666036,15
CO,2025-08-15,0.032384289397166775,83.17773305993501,14
CO,2025-08-16,0.03481576565404806,64.61159753432432,13
CO,2025-08-17,0.038845128690060404,11.024008899444675,14
CO,2025-08-18,0.032493437536603546,60.36113264270995,14
CO,2025-08-19,0.031875418600453766,69.18853661920375,15
CO,2025-08-20,0.03217646117759048,61.52453902225747,14
CO,2025-08-21,0.0314527354635838,38.923169739851595,14
CO,2025-08-22,0.03417431727892375,77.1909727658155,14
CO,2025-08-23,0.03358481316540096,45.37138507790195,14
CO,2025-08-24,0.03438007739816602,75.06144460693899,14
CO,2025-08-25,0.034207049059423254,92.20375808071358,15
CO,2025-08-26,0.034111338081069434,93.93489862753553,14
CO,2025-08-27,0.032992783807980014,59.31488785961477,14
CO,2025-08-28,0.03363977337314933,30.009533301004094,14
CO,2025-08-29,0.032531739316470104,29.960530351917548,14
CO,2025-08-30,0.03223993236649769,38.30605078232885,15
CO,2025-08-31,0.03297774742540489,70.99076326229806,14
CO,2025-09-01,0.0350386482447564,39.98366992631735,14
CO,2025-09-02,0.03325829982373771,59.77360637522001,14
CO,2025-09-03,0.031190020723203638,60.24988958426404,14
CO,2025-09-04,0.0313723796557494,87.8822070928268,15
CO,2025-09-05,0.03169865121267988,75.55484702806659,14
CO,2025-09-06,0.03147053398121935,80.02200677895348,14
CO,2025-09-07,0.03396763960515807,48.20547382033349,14
CO,2025-09-08,0.034233666877461495,52.037313518322634,14
CO,2025-09-09,0.0359302330338547,30.966427252258256,14
CO,2025-09-10,0.0372549258017242,37.62478250963828,15
CO,2025-09-11,0.037654973865493026,51.5610303092786,14
CO,2025-09-12,0.036681570624160525,14.814546111775098,13
CO,2025-09-13,0.035595668388879356,8.211685103230755,14
CO,2025-09-14,0.03772649427640598,0.3937418779202893,14
CO,2025-09-15,0.03498697853353423,23.166239640967454,15
CO,2025-09-16,0.034244863568611394,8.021082723342076,14
CO,2025-09-17,0.03403974145696131,33.15552263236202,14
CO,2025-09-18,0.03408604012180484,30.29215940086575,14
CO,2025-09-19,0.03598511802792593,53.22063927847294,14
CO,2025-09-20,0.036764770760209155,63.83085963900732,15
CO,2025-09-21,0.03778271489266976,53.21242969349606,13
CO,2025-09-22,0.03432899601088358,18.002537970921505,15
CO,2025-09-23,0.03348263148046198,84.46351953181185,14
CO,2025-09-24,0.033200442547569535,66.95094741156237,14
CO,2025-09-25,0.03468657141990878,64.39795740434558,14
CO,2025-09-26,0.03759467688305478,92.81960423436392,15
CO,2025-09-27,0.0352097234854776,91.55520086754305,14
CO,2025-09-28,0.039473027013552646,65.12040088230764,14
CO,2025-09-29,0.0387981541605896,70.99782732378979,14
CO,2025-09-30,0.03684334020564144,86.30940334772872,14
CO,2025-10-01,0.03872970260077311,13.187902762875362,15
CO,2025-10-02,0.032450096511559154,19.84275780960635,14
CO,2025-10-03,0.030987171625629445,34.95393086383925,14
CO,2025-10-04,0.03195663128337991,53.57867900777295,14
CO,2025-10-05,0.029381828988756156,5.457019322435586,14
CO,2025-10-06,0.03555113325449875,42.59062681772302,15
CO,2025-10-07,0.03565899779298034,60.602138055944806,14
CO,2025-10-08,0.036220016195798545,60.72770015795492,14
CO,2025-10-09,0.036724661427730225,47.93964873158727,14
CO,2025-10-10,0.03294427702781795,53.80434713434571,14
CO,2025-10-11,0.03539858260773955,55.77216556123648,15
CO,2025-10-12,0.035123203385433344,95.96756641172405,14
CO,2025-10-13,0.034250953314140256,85.99126601982766,14
CO,2025-10-14,0.035250429568692426,83.32467826700109,14
CO,2025-10-15,0.034386636494122234,83.03155153519239,14
CO,2025-10-16,0.034674946254042216,79.26780684437557,14
CO,2025-10-17,0.03531336210194264,90.40592261097889,15
CO,2025-10-18,0.03362969941644755,82.85997757319575,14
CO,2025-10-19,0.03399114349690642,60.66304172123811,14
CO,2025-10-20,0.03450432977434066,73.62979481128768,14
CO,2025-10-21,0.032844407207344994,92.01805599573352,14
CO,2025-10-22,0.03427051827204082,94.5675457923013,14
CO,2025-10-23,0.03589820319593109,89.5924736561418,14
CO,2025-10-24,0.03573288458157269,80.77779771837179,14
CO,2025-10-25,0.037461808058313985,64.20207288838651,14
CO,2025-10-26,0.038212579188830496,57.300293890414075,14
CO,2025-10-27,0.040678712176630584,56.15725237282463,15
CO,2025-10-28,0.04024928671386075,88.32743388738479,14
CO,2025-10-29,0.03755531003773519,47.34804949170576,14
CO,2025-10-30,0.03586378656385288,74.41657852499849,14
CO,2025-10-31,0.03545931263706264,73.57016394986677,14
CO,2025-11-01,0.04113784206624963,37.06080311378737,14
CO,2025-11-02,0.03853914971966542,57.8432720223708,15
CO,2025-11-03,0.037715514992240434,91.3663167728821,14
CO,2025-11-04,0.0382553993933822,48.058592253461036,13
CO,2025-11-05,0.03970241049615807,81.84262543800364,14
CO,2025-11-06,0.039199064567110725,89.3349854327596,14
CO,2025-11-07,0.041190046113427206,92.88769924153614,15
CO,2025-11-08,0.03869436581761079,92.69130560402813,14
CO,2025-11-09,0.03878864727741721,87.52028531171597,14
CO,2025-11-10,0.040296269629394185,86.07698936063237,14
CO,2025-11-11,0.04051975978542888,90.94368224705882,14
CO,2025-11-12,0.04145142124942445,97.74790082821347,13
CO,2025-11-13,0.03982322480426514,94.39005329229808,14
CO,2025-11-14,0.03749083126446718,89.20706864358557,13
CO,2025-11-15,0.03906978071593443,83.1674869887624,14
CO,2025-11-16,0.03855021402988894,88.282312990109,14
CO,2025-11-17,0.035404390505136336,96.76287791137972,14
CO,2025-11-18,0.0345475600366474,94.97083369926442,15
CO,2025-11-19,0.03468525278851527,95.45532649328527,14
CO,2025-11-20,0.039033904765900185,76.74682785454903,14
CO,2025-11-21,0.04138759030845747,78.7674040019499,14
CO,2025-11-22,0.04383387292450357,71.73217151795858,14
CO,2025-11-23,0.04532228326293166,91.88651171552321,15
CO,2025-11-24,0.044028468614825844,94.45891198179378,14
CO,2025-11-25,0.04068130202269492,89.05121380941283,14
CO,2025-11-26,0.04138600325844564,87.88036152721185,14
CO,2025-11-27,0.03875714861970519,93.74416896725965,14
CO,2025-11-28,0.03882841149337894,97.48729423534397,15
CO,2025-11-29,0.0416368635598357,93.15530625570372,12
CO,2025-11-30,0.04481074830146634,83.63072395811454,14
CO,2025-12-01,0.0454820897754618,31.41598157998235,14
CO,2025-12-02,0.050035437715886096,26.655185975737787,14
CO,2025-12-03,0.047165921631012,32.742115934613494,13
CO,2025-12-04,0.04249074498285484,94.27257349487759,15
CO,2025-12-05,0.038868314643011145,95.29686241117416,14
CO,2025-12-06,,0.0,13
CO,2025-12-07,0.04463128630699784,94.40838166806039,14
CO,2025-12-08,0.04295705295035846,35.9527637026883,14
CO,2025-12-09,0.04143860528122884,74.79033738212242,15
CO,2025-12-10,0.03825600622352241,92.02359269257839,14
CO,2025-12-11,0.03682727811851872,88.76375105483612,14
CO,2025-12-12,0.03706303330596906,90.29467955253304,14
CO,2025-12-13,0.03526315955458719,93.9730191035133,14
CO,2025-12-14,0.036723511426650764,97.37522385438103,15
CO,2025-12-15,0.0378683898735755,94.96160587118968,14
CO,2025-12-16,0.037522256418854406,88.01451505536058,14
CO,2025-12-17,0.03936309812728052,75.03006999148492,14
CO,2025-12-18,0.03872074457752641,86.25180897250355,14
CO,2025-12-19,0.04136156813141521,93.92369795345861,14
CO,2025-12-20,0.04595219651245449,90.6200718625066,15
CO,2025-12-21,0.046645996671149444,89.9173568445664,14
CO,2025-12-22,0.047175138371092176,72.37722852048002,14
CO,2025-12-23,0.048127722014620525,81.24536222089,14
CO,2025-12-24,0.04385675488544182,84.75600986168442,14
CO,2025-12-25,0.043408832065544356,92.13292654521568,15
CO,2025-12-26,0.04385005947145682,90.38982164199332,14
CO,2025-12-27,0.04214761705729247,90.80749223271435,14
CO,2025-12-28,0.03863134114595904,85.25768550798239,14
CO,2025-12-29,0.034816072439960974,28.889211332536547,14
CO,2025-12-30,0.03917010671564436,43.00072422540335,15
CO,2025-12-31,0.04338756192118877,88.33634351449149,14
