system:index,month,pct_covered,variable,.geo
0,1,99.1806204516878,CH4,"{""type"":""MultiPoint"",""coordinates"":[]}"
1,2,99.24500027334089,CH4,"{""type"":""MultiPoint"",""coordinates"":[]}"
2,3,99.13026141037473,CH4,"{""type"":""MultiPoint"",""coordinates"":[]}"
3,4,95.8333842497757,CH4,"{""type"":""MultiPoint"",""coordinates"":[]}"
4,5,60.778667832921165,CH4,"{""type"":""MultiPoint"",""coordinates"":[]}"
5,6,20.016979293622793,CH4,"{""type"":""MultiPoint"",""coordinates"":[]}"
6,7,0.35309212874678014,CH4,"{""type"":""MultiPoint"",""coordinates"":[]}"
7,8,0.3079426434316181,CH4,"{""type"":""MultiPoint"",""coordinates"":[]}"
8,9,28.83701486009767,CH4,"{""type"":""MultiPoint"",""coordinates"":[]}"
9,10,91.84550129113379,CH4,"{""type"":""MultiPoint"",""coordinates"":[]}"
10,11,98.90541440088498,CH4,"{""type"":""MultiPoint"",""coordinates"":[]}"
11,12,99.07134840674411,CH4,"{""type"":""MultiPoint"",""coordinates"":[]}"
12,1,100.0,HCHO,"{""type"":""MultiPoint"",""coordinates"":[]}"
13,2,100.0,HCHO,"{""type"":""MultiPoint"",""coordinates"":[]}"
14,3,100.0,HCHO,"{""type"":""MultiPoint"",""coordinates"":[]}"
15,4,100.0,HCHO,"{""type"":""MultiPoint"",""coordinates"":[]}"
16,5,100.0,HCHO,"{""type"":""MultiPoint"",""coordinates"":[]}"
17,6,100.0,HCHO,"{""type"":""MultiPoint"",""coordinates"":[]}"
18,7,99.7561799161969,HCHO,"{""type"":""MultiPoint"",""coordinates"":[]}"
19,8,100.0,HCHO,"{""type"":""MultiPoint"",""coordinates"":[]}"
20,9,100.0,HCHO,"{""type"":""MultiPoint"",""coordinates"":[]}"
21,10,100.0,HCHO,"{""type"":""MultiPoint"",""coordinates"":[]}"
22,11,100.0,HCHO,"{""type"":""MultiPoint"",""coordinates"":[]}"
23,12,100.0,HCHO,"{""type"":""MultiPoint"",""coordinates"":[]}"
24,1,100.0,O3,"{""type"":""MultiPoint"",""coordinates"":[]}"
25,2,100.0,O3,"{""type"":""MultiPoint"",""coordinates"":[]}"
26,3,100.0,O3,"{""type"":""MultiPoint"",""coordinates"":[]}"
27,4,100.0,O3,"{""type"":""MultiPoint"",""coordinates"":[]}"
28,5,100.0,O3,"{""type"":""MultiPoint"",""coordinates"":[]}"
29,6,100.0,O3,"{""type"":""MultiPoint"",""coordinates"":[]}"
30,7,100.0,O3,"{""type"":""MultiPoint"",""coordinates"":[]}"
31,8,100.0,O3,"{""type"":""MultiPoint"",""coordinates"":[]}"
32,9,100.0,O3,"{""type"":""MultiPoint"",""coordinates"":[]}"
33,10,100.0,O3,"{""type"":""MultiPoint"",""coordinates"":[]}"
34,11,100.0,O3,"{""type"":""MultiPoint"",""coordinates"":[]}"
35,12,100.0,O3,"{""type"":""MultiPoint"",""coordinates"":[]}"
36,1,100.0,UVAI,"{""type"":""MultiPoint"",""coordinates"":[]}"
37,2,100.0,UVAI,"{""type"":""MultiPoint"",""coordinates"":[]}"
38,3,100.0,UVAI,"{""type"":""MultiPoint"",""coordinates"":[]}"
39,4,100.0,UVAI,"{""type"":""MultiPoint"",""coordinates"":[]}"
40,5,100.0,UVAI,"{""type"":""MultiPoint"",""coordinates"":[]}"
41,6,100.0,UVAI,"{""type"":""MultiPoint"",""coordinates"":[]}"
42,7,100.0,UVAI,"{""type"":""MultiPoint"",""coordinates"":[]}"
43,8,100.0,UVAI,"{""type"":""MultiPoint"",""coordinates"":[]}"
44,9,100.0,UVAI,"{""type"":""MultiPoint"",""coordinates"":[]}"
45,10,100.0,UVAI,"{""type"":""MultiPoint"",""coordinates"":[]}"
46,11,100.0,UVAI,"{""type"":""MultiPoint"",""coordinates"":[]}"
47,12,100.0,UVAI,"{""type"":""MultiPoint"",""coordinates"":[]}"
48,1,100.0,AOD,"{""type"":""MultiPoint"",""coordinates"":[]}"
49,2,100.0,AOD,"{""type"":""MultiPoint"",""coordinates"":[]}"
50,3,99.99832779684019,AOD,"{""type"":""MultiPoint"",""coordinates"":[]}"
51,4,99.9819273427727,AOD,"{""type"":""MultiPoint"",""coordinates"":[]}"
52,5,98.64583701807587,AOD,"{""type"":""MultiPoint"",""coordinates"":[]}"
53,6,91.69551753079911,AOD,"{""type"":""MultiPoint"",""coordinates"":[]}"
54,7,34.79057263310897,AOD,"{""type"":""MultiPoint"",""coordinates"":[]}"
55,8,61.83453549733573,AOD,"{""type"":""MultiPoint"",""coordinates"":[]}"
56,9,99.84114069981703,AOD,"{""type"":""MultiPoint"",""coordinates"":[]}"
57,10,100.0,AOD,"{""type"":""MultiPoint"",""coordinates"":[]}"
58,11,100.0,AOD,"{""type"":""MultiPoint"",""coordinates"":[]}"
59,12,100.0,AOD,"{""type"":""MultiPoint"",""coordinates"":[]}"
60,1,99.10350615981761,LST_Day,"{""type"":""MultiPoint"",""coordinates"":[]}"
61,2,99.1880167348947,LST_Day,"{""type"":""MultiPoint"",""coordinates"":[]}"
62,3,99.18801673489467,LST_Day,"{""type"":""MultiPoint"",""coordinates"":[]}"
63,4,99.18441506655047,LST_Day,"{""type"":""MultiPoint"",""coordinates"":[]}"
64,5,99.15521582675973,LST_Day,"{""type"":""MultiPoint"",""coordinates"":[]}"
65,6,95.48318631880554,LST_Day,"{""type"":""MultiPoint"",""coordinates"":[]}"
66,7,32.662501165718545,LST_Day,"{""type"":""MultiPoint"",""coordinates"":[]}"
67,8,45.949634527136304,LST_Day,"{""type"":""MultiPoint"",""coordinates"":[]}"
68,9,98.65947190537902,LST_Day,"{""type"":""MultiPoint"",""coordinates"":[]}"
69,10,99.18801673489469,LST_Day,"{""type"":""MultiPoint"",""coordinates"":[]}"
70,11,99.18801673489469,LST_Day,"{""type"":""MultiPoint"",""coordinates"":[]}"
71,12,99.1880167348947,LST_Day,"{""type"":""MultiPoint"",""coordinates"":[]}"
72,1,99.1880167348947,LST_Night,"{""type"":""MultiPoint"",""coordinates"":[]}"
73,2,99.18801673489467,LST_Night,"{""type"":""MultiPoint"",""coordinates"":[]}"
74,3,99.1880167348947,LST_Night,"{""type"":""MultiPoint"",""coordinates"":[]}"
75,4,99.18550843015494,LST_Night,"{""type"":""MultiPoint"",""coordinates"":[]}"
76,5,99.17161628082721,LST_Night,"{""type"":""MultiPoint"",""coordinates"":[]}"
77,6,88.72517019490813,LST_Night,"{""type"":""MultiPoint"",""coordinates"":[]}"
78,7,30.459309187148463,LST_Night,"{""type"":""MultiPoint"",""coordinates"":[]}"
79,8,14.387250094061427,LST_Night,"{""type"":""MultiPoint"",""coordinates"":[]}"
80,9,88.1564924895568,LST_Night,"{""type"":""MultiPoint"",""coordinates"":[]}"
81,10,99.18801673489469,LST_Night,"{""type"":""MultiPoint"",""coordinates"":[]}"
82,11,99.18801673489467,LST_Night,"{""type"":""MultiPoint"",""coordinates"":[]}"
83,12,99.18801673489469,LST_Night,"{""type"":""MultiPoint"",""coordinates"":[]}"
