station_id,station,city,lat,lon,month,parameter,unit,averaging,mean,max,min,exceed,capture_pct
CAMS-1,"DoE Agargaon, Dhaka",Dhaka,23.777394,90.372603,1,SO2,ppb,24 h,3.7,11.2,0.6,0.0,93.5
CAMS-2,"BARC Farmgate, Dhaka",Dhaka,23.75941,90.388679,1,SO2,ppb,24 h,1.4,5.8,0.8,0.0,93.5
CAMS-3,"Darus-Salam, Dhaka",Dhaka,23.780775,90.35541,1,SO2,ppb,24 h,2.4,2.8,2.0,0.0,19.4
CAMS-4,Gazipur,Gazipur,23.994128,90.422315,1,SO2,ppb,24 h,,,,,
CAMS-5,Narayanganj,Narayanganj,23.626079,90.5072,1,SO2,ppb,24 h,7.1,13.3,0.9,0.0,9.7
CAMS-6,"TV Station, Chattogram",Chattogram,22.360487,91.800454,1,SO2,ppb,24 h,,,,,
CAMS-7,"Agrabad, Chattogram",Chattogram,22.32302,91.802336,1,SO2,ppb,24 h,10.9,12.3,9.5,0.0,100.0
CAMS-10,Sylhet,Sylhet,24.888334,91.867347,1,SO2,ppb,24 h,3.1,3.3,2.8,0.0,100.0
CAMS-8,Khulna,Khulna,22.835775,89.529056,1,SO2,ppb,24 h,,,,,
CAMS-9,Rajshahi,Rajshahi,24.38332,88.608007,1,SO2,ppb,24 h,3.7,9.7,1.3,0.0,100.0
CAMS-11,Barishal,Barishal,22.710287,90.362598,1,SO2,ppb,24 h,5.3,6.5,4.7,0.0,100.0
CAMS-14,Savar,Savar,23.953704,90.279794,1,SO2,ppb,24 h,6.3,15.4,1.6,0.0,83.9
CAMS-12,Mymensingh,Mymensingh,24.762458,90.402102,1,SO2,ppb,24 h,1.4,2.1,1.2,0.0,100.0
CAMS-13,Rangpur,Rangpur,25.747371,89.228931,1,SO2,ppb,24 h,2.3,11.6,0.5,0.0,100.0
CAMS-16,Cumilla,Cumilla,23.472988,91.180671,1,SO2,ppb,24 h,18.7,34.8,1.1,4.0,100.0
CAMS-15,Narsingdi,Narsingdi,23.932456,90.716598,1,SO2,ppb,24 h,4.2,17.5,2.0,0.0,100.0
CAMS-1,"DoE Agargaon, Dhaka",Dhaka,23.777394,90.372603,1,NO2,ppb,24 h,33.4,74.9,17.7,7.0,96.8
CAMS-2,"BARC Farmgate, Dhaka",Dhaka,23.75941,90.388679,1,NO2,ppb,24 h,,,,,
CAMS-3,"Darus-Salam, Dhaka",Dhaka,23.780775,90.35541,1,NO2,ppb,24 h,8.7,13.9,3.8,0.0,100.0
CAMS-4,Gazipur,Gazipur,23.994128,90.422315,1,NO2,ppb,24 h,,,,,
CAMS-5,Narayanganj,Narayanganj,23.626079,90.5072,1,NO2,ppb,24 h,1.7,2.0,1.4,0.0,80.6
CAMS-6,"TV Station, Chattogram",Chattogram,22.360487,91.800454,1,NO2,ppb,24 h,3.6,4.4,3.0,0.0,100.0
CAMS-7,"Agrabad, Chattogram",Chattogram,22.32302,91.802336,1,NO2,ppb,24 h,4.9,6.8,3.2,0.0,100.0
CAMS-10,Sylhet,Sylhet,24.888334,91.867347,1,NO2,ppb,24 h,,,,,
CAMS-8,Khulna,Khulna,22.835775,89.529056,1,NO2,ppb,24 h,2.1,3.2,0.9,0.0,100.0
CAMS-9,Rajshahi,Rajshahi,24.38332,88.608007,1,NO2,ppb,24 h,1.5,3.9,0.9,0.0,100.0
CAMS-11,Barishal,Barishal,22.710287,90.362598,1,NO2,ppb,24 h,,,,,
CAMS-14,Savar,Savar,23.953704,90.279794,1,NO2,ppb,24 h,8.0,12.1,4.9,0.0,100.0
CAMS-12,Mymensingh,Mymensingh,24.762458,90.402102,1,NO2,ppb,24 h,4.0,4.3,3.9,0.0,100.0
CAMS-13,Rangpur,Rangpur,25.747371,89.228931,1,NO2,ppb,24 h,7.9,12.7,2.0,0.0,54.8
CAMS-16,Cumilla,Cumilla,23.472988,91.180671,1,NO2,ppb,24 h,4.0,4.1,3.9,0.0,100.0
CAMS-15,Narsingdi,Narsingdi,23.932456,90.716598,1,NO2,ppb,24 h,3.1,4.5,2.8,0.0,100.0
CAMS-1,"DoE Agargaon, Dhaka",Dhaka,23.777394,90.372603,1,CO,ppm,8 h,1.2,4.9,0.1,6.0,88.4
CAMS-2,"BARC Farmgate, Dhaka",Dhaka,23.75941,90.388679,1,CO,ppm,8 h,2.1,5.3,0.4,19.0,94.4
CAMS-3,"Darus-Salam, Dhaka",Dhaka,23.780775,90.35541,1,CO,ppm,8 h,2.8,6.0,0.3,53.0,99.1
CAMS-4,Gazipur,Gazipur,23.994128,90.422315,1,CO,ppm,8 h,,,,,
CAMS-5,Narayanganj,Narayanganj,23.626079,90.5072,1,CO,ppm,8 h,1.4,1.6,0.9,0.0,99.1
CAMS-6,"TV Station, Chattogram",Chattogram,22.360487,91.800454,1,CO,ppm,8 h,2.8,11.1,0.1,43.0,98.1
CAMS-7,"Agrabad, Chattogram",Chattogram,22.32302,91.802336,1,CO,ppm,8 h,,,,,
CAMS-10,Sylhet,Sylhet,24.888334,91.867347,1,CO,ppm,8 h,2.6,4.5,1.5,7.0,98.8
CAMS-8,Khulna,Khulna,22.835775,89.529056,1,CO,ppm,8 h,2.0,2.4,1.5,0.0,96.4
CAMS-9,Rajshahi,Rajshahi,24.38332,88.608007,1,CO,ppm,8 h,2.7,8.5,0.6,97.0,99.1
CAMS-11,Barishal,Barishal,22.710287,90.362598,1,CO,ppm,8 h,,,,,
CAMS-14,Savar,Savar,23.953704,90.279794,1,CO,ppm,8 h,2.2,4.7,1.1,6.0,99.1
CAMS-12,Mymensingh,Mymensingh,24.762458,90.402102,1,CO,ppm,8 h,1.1,4.5,0.4,3.0,99.1
CAMS-13,Rangpur,Rangpur,25.747371,89.228931,1,CO,ppm,8 h,0.9,4.5,0.1,2.0,96.5
CAMS-16,Cumilla,Cumilla,23.472988,91.180671,1,CO,ppm,8 h,2.3,4.0,0.2,0.0,98.7
CAMS-15,Narsingdi,Narsingdi,23.932456,90.716598,1,CO,ppm,8 h,0.9,2.5,0.4,0.0,99.1
CAMS-1,"DoE Agargaon, Dhaka",Dhaka,23.777394,90.372603,1,O3,ppb,8 h,10.3,38.6,0.2,0.0,77.8
CAMS-2,"BARC Farmgate, Dhaka",Dhaka,23.75941,90.388679,1,O3,ppb,8 h,9.2,129.1,0.2,3.0,88.0
CAMS-3,"Darus-Salam, Dhaka",Dhaka,23.780775,90.35541,1,O3,ppb,8 h,0.7,0.9,0.5,0.0,99.1
CAMS-4,Gazipur,Gazipur,23.994128,90.422315,1,O3,ppb,8 h,17.1,168.0,6.9,45.0,94.9
CAMS-5,Narayanganj,Narayanganj,23.626079,90.5072,1,O3,ppb,8 h,,,,,
CAMS-6,"TV Station, Chattogram",Chattogram,22.360487,91.800454,1,O3,ppb,8 h,9.0,28.5,2.9,0.0,99.1
CAMS-7,"Agrabad, Chattogram",Chattogram,22.32302,91.802336,1,O3,ppb,8 h,,,,,
CAMS-10,Sylhet,Sylhet,24.888334,91.867347,1,O3,ppb,8 h,0.5,0.6,0.2,0.0,88.7
CAMS-8,Khulna,Khulna,22.835775,89.529056,1,O3,ppb,8 h,17.4,60.4,4.5,5.0,96.4
CAMS-9,Rajshahi,Rajshahi,24.38332,88.608007,1,O3,ppb,8 h,17.9,57.2,3.7,4.0,99.1
CAMS-11,Barishal,Barishal,22.710287,90.362598,1,O3,ppb,8 h,,,,,
CAMS-14,Savar,Savar,23.953704,90.279794,1,O3,ppb,8 h,14.2,61.2,1.9,8.0,99.1
CAMS-12,Mymensingh,Mymensingh,24.762458,90.402102,1,O3,ppb,8 h,9.4,29.6,0.6,0.0,99.1
CAMS-13,Rangpur,Rangpur,25.747371,89.228931,1,O3,ppb,8 h,7.5,59.5,0.1,4.0,94.4
CAMS-16,Cumilla,Cumilla,23.472988,91.180671,1,O3,ppb,8 h,,,,,
CAMS-15,Narsingdi,Narsingdi,23.932456,90.716598,1,O3,ppb,8 h,7.6,45.0,1.8,0.0,99.1
CAMS-1,"DoE Agargaon, Dhaka",Dhaka,23.777394,90.372603,1,PM2.5,ug/m3,24 h,152.3,246.7,76.7,30.0,96.8
CAMS-2,"BARC Farmgate, Dhaka",Dhaka,23.75941,90.388679,1,PM2.5,ug/m3,24 h,149.1,233.2,96.5,30.0,96.8
CAMS-3,"Darus-Salam, Dhaka",Dhaka,23.780775,90.35541,1,PM2.5,ug/m3,24 h,215.5,350.5,131.5,27.0,87.1
CAMS-4,Gazipur,Gazipur,23.994128,90.422315,1,PM2.5,ug/m3,24 h,228.1,444.4,140.6,15.0,48.4
CAMS-5,Narayanganj,Narayanganj,23.626079,90.5072,1,PM2.5,ug/m3,24 h,231.6,381.5,111.6,31.0,100.0
CAMS-6,"TV Station, Chattogram",Chattogram,22.360487,91.800454,1,PM2.5,ug/m3,24 h,152.2,259.0,54.8,29.0,100.0
CAMS-7,"Agrabad, Chattogram",Chattogram,22.32302,91.802336,1,PM2.5,ug/m3,24 h,131.3,249.5,69.8,30.0,96.8
CAMS-10,Sylhet,Sylhet,24.888334,91.867347,1,PM2.5,ug/m3,24 h,113.2,249.7,35.8,24.0,87.1
CAMS-8,Khulna,Khulna,22.835775,89.529056,1,PM2.5,ug/m3,24 h,128.6,213.9,80.9,31.0,100.0
CAMS-9,Rajshahi,Rajshahi,24.38332,88.608007,1,PM2.5,ug/m3,24 h,184.0,488.5,97.5,31.0,100.0
CAMS-11,Barishal,Barishal,22.710287,90.362598,1,PM2.5,ug/m3,24 h,38.1,54.6,25.3,0.0,100.0
CAMS-14,Savar,Savar,23.953704,90.279794,1,PM2.5,ug/m3,24 h,197.4,288.5,131.3,31.0,100.0
CAMS-12,Mymensingh,Mymensingh,24.762458,90.402102,1,PM2.5,ug/m3,24 h,148.7,210.4,102.5,31.0,100.0
CAMS-13,Rangpur,Rangpur,25.747371,89.228931,1,PM2.5,ug/m3,24 h,211.3,357.7,121.1,31.0,100.0
CAMS-16,Cumilla,Cumilla,23.472988,91.180671,1,PM2.5,ug/m3,24 h,160.6,253.5,11.0,30.0,100.0
CAMS-15,Narsingdi,Narsingdi,23.932456,90.716598,1,PM2.5,ug/m3,24 h,172.3,263.3,109.1,31.0,100.0
CAMS-1,"DoE Agargaon, Dhaka",Dhaka,23.777394,90.372603,1,PM10,ug/m3,24 h,329.0,521.8,173.0,25.0,80.6
CAMS-2,"BARC Farmgate, Dhaka",Dhaka,23.75941,90.388679,1,PM10,ug/m3,24 h,278.2,476.3,170.3,30.0,96.8
CAMS-3,"Darus-Salam, Dhaka",Dhaka,23.780775,90.35541,1,PM10,ug/m3,24 h,266.8,382.1,183.3,22.0,71.0
CAMS-4,Gazipur,Gazipur,23.994128,90.422315,1,PM10,ug/m3,24 h,285.7,458.7,147.5,30.0,100.0
CAMS-5,Narayanganj,Narayanganj,23.626079,90.5072,1,PM10,ug/m3,24 h,,,,,
CAMS-6,"TV Station, Chattogram",Chattogram,22.360487,91.800454,1,PM10,ug/m3,24 h,149.9,399.1,23.7,13.0,77.4
CAMS-7,"Agrabad, Chattogram",Chattogram,22.32302,91.802336,1,PM10,ug/m3,24 h,300.5,373.5,215.1,12.0,38.7
CAMS-10,Sylhet,Sylhet,24.888334,91.867347,1,PM10,ug/m3,24 h,209.8,326.8,99.8,25.0,90.3
CAMS-8,Khulna,Khulna,22.835775,89.529056,1,PM10,ug/m3,24 h,255.8,485.8,161.2,27.0,87.1
CAMS-9,Rajshahi,Rajshahi,24.38332,88.608007,1,PM10,ug/m3,24 h,277.7,403.4,179.7,31.0,100.0
CAMS-11,Barishal,Barishal,22.710287,90.362598,1,PM10,ug/m3,24 h,,,,,
CAMS-14,Savar,Savar,23.953704,90.279794,1,PM10,ug/m3,24 h,311.8,415.0,185.8,31.0,100.0
CAMS-12,Mymensingh,Mymensingh,24.762458,90.402102,1,PM10,ug/m3,24 h,225.9,356.1,133.6,28.0,100.0
CAMS-13,Rangpur,Rangpur,25.747371,89.228931,1,PM10,ug/m3,24 h,236.9,403.3,42.6,27.0,100.0
CAMS-16,Cumilla,Cumilla,23.472988,91.180671,1,PM10,ug/m3,24 h,192.9,269.8,118.6,5.0,22.6
CAMS-15,Narsingdi,Narsingdi,23.932456,90.716598,1,PM10,ug/m3,24 h,,,,,
CAMS-1,"DoE Agargaon, Dhaka",Dhaka,23.777394,90.372603,2,SO2,ppb,24 h,23.7,43.6,6.6,,90.3
CAMS-2,"BARC Farmgate, Dhaka",Dhaka,23.75941,90.388679,2,SO2,ppb,24 h,1.4,2.2,0.8,,90.3
CAMS-3,"Darus-Salam, Dhaka",Dhaka,23.780775,90.35541,2,SO2,ppb,24 h,2.7,3.5,2.3,,67.7
CAMS-4,Gazipur,Gazipur,23.994128,90.422315,2,SO2,ppb,24 h,8.6,9.5,7.7,,74.2
CAMS-5,Narayanganj,Narayanganj,23.626079,90.5072,2,SO2,ppb,24 h,,,,,
CAMS-6,"TV Station, Chattogram",Chattogram,22.360487,91.800454,2,SO2,ppb,24 h,76.6,124.6,16.5,,71.0
CAMS-7,"Agrabad, Chattogram",Chattogram,22.32302,91.802336,2,SO2,ppb,24 h,13.9,15.9,12.1,,90.3
CAMS-10,Sylhet,Sylhet,24.888334,91.867347,2,SO2,ppb,24 h,2.8,3.5,1.9,,80.6
CAMS-8,Khulna,Khulna,22.835775,89.529056,2,SO2,ppb,24 h,72.9,92.3,27.6,,54.8
CAMS-9,Rajshahi,Rajshahi,24.38332,88.608007,2,SO2,ppb,24 h,4.2,10.7,2.1,,87.1
CAMS-11,Barishal,Barishal,22.710287,90.362598,2,SO2,ppb,24 h,5.5,7.2,4.4,,90.3
CAMS-14,Savar,Savar,23.953704,90.279794,2,SO2,ppb,24 h,6.4,12.6,2.9,,90.3
CAMS-12,Mymensingh,Mymensingh,24.762458,90.402102,2,SO2,ppb,24 h,1.5,11.4,0.2,,80.6
CAMS-13,Rangpur,Rangpur,25.747371,89.228931,2,SO2,ppb,24 h,3.9,8.3,1.8,,80.6
CAMS-16,Cumilla,Cumilla,23.472988,91.180671,2,SO2,ppb,24 h,3.0,4.2,2.4,,77.4
CAMS-15,Narsingdi,Narsingdi,23.932456,90.716598,2,SO2,ppb,24 h,3.6,8.2,2.0,,83.9
CAMS-1,"DoE Agargaon, Dhaka",Dhaka,23.777394,90.372603,2,NO2,ppb,24 h,30.6,50.3,21.1,3.0,90.3
CAMS-2,"BARC Farmgate, Dhaka",Dhaka,23.75941,90.388679,2,NO2,ppb,24 h,80.4,117.1,52.3,28.0,90.3
CAMS-3,"Darus-Salam, Dhaka",Dhaka,23.780775,90.35541,2,NO2,ppb,24 h,8.1,13.1,5.2,0.0,90.3
CAMS-4,Gazipur,Gazipur,23.994128,90.422315,2,NO2,ppb,24 h,,,,,
CAMS-5,Narayanganj,Narayanganj,23.626079,90.5072,2,NO2,ppb,24 h,1.7,2.1,1.4,0.0,22.6
CAMS-6,"TV Station, Chattogram",Chattogram,22.360487,91.800454,2,NO2,ppb,24 h,2.5,3.4,1.9,0.0,90.3
CAMS-7,"Agrabad, Chattogram",Chattogram,22.32302,91.802336,2,NO2,ppb,24 h,5.1,6.7,3.6,0.0,90.3
CAMS-10,Sylhet,Sylhet,24.888334,91.867347,2,NO2,ppb,24 h,24.1,24.1,24.1,0.0,90.3
CAMS-8,Khulna,Khulna,22.835775,89.529056,2,NO2,ppb,24 h,2.0,3.2,1.2,0.0,90.3
CAMS-9,Rajshahi,Rajshahi,24.38332,88.608007,2,NO2,ppb,24 h,2.0,11.7,0.8,0.0,87.1
CAMS-11,Barishal,Barishal,22.710287,90.362598,2,NO2,ppb,24 h,,,,,
CAMS-14,Savar,Savar,23.953704,90.279794,2,NO2,ppb,24 h,8.3,11.4,6.1,0.0,90.3
CAMS-12,Mymensingh,Mymensingh,24.762458,90.402102,2,NO2,ppb,24 h,4.9,6.0,3.9,0.0,90.3
CAMS-13,Rangpur,Rangpur,25.747371,89.228931,2,NO2,ppb,24 h,,,,,
CAMS-16,Cumilla,Cumilla,23.472988,91.180671,2,NO2,ppb,24 h,4.4,5.1,3.8,0.0,90.3
CAMS-15,Narsingdi,Narsingdi,23.932456,90.716598,2,NO2,ppb,24 h,3.2,5.3,2.3,0.0,90.3
CAMS-1,"DoE Agargaon, Dhaka",Dhaka,23.777394,90.372603,2,CO,ppm,8 h,1.0,3.1,0.3,0.0,89.4
CAMS-2,"BARC Farmgate, Dhaka",Dhaka,23.75941,90.388679,2,CO,ppm,8 h,1.8,3.6,0.9,0.0,88.0
CAMS-3,"Darus-Salam, Dhaka",Dhaka,23.780775,90.35541,2,CO,ppm,8 h,1.0,2.7,0.2,0.0,89.4
CAMS-4,Gazipur,Gazipur,23.994128,90.422315,2,CO,ppm,8 h,,,,,
CAMS-5,Narayanganj,Narayanganj,23.626079,90.5072,2,CO,ppm,8 h,0.9,1.0,0.9,0.0,89.4
CAMS-6,"TV Station, Chattogram",Chattogram,22.360487,91.800454,2,CO,ppm,8 h,2.1,8.2,0.2,26.0,81.7
CAMS-7,"Agrabad, Chattogram",Chattogram,22.32302,91.802336,2,CO,ppm,8 h,13.8,30.6,10.0,665.0,89.4
CAMS-10,Sylhet,Sylhet,24.888334,91.867347,2,CO,ppm,8 h,2.6,4.4,1.6,17.0,89.4
CAMS-8,Khulna,Khulna,22.835775,89.529056,2,CO,ppm,8 h,2.0,2.4,1.6,0.0,89.4
CAMS-9,Rajshahi,Rajshahi,24.38332,88.608007,2,CO,ppm,8 h,3.2,9.6,0.6,148.0,85.6
CAMS-11,Barishal,Barishal,22.710287,90.362598,2,CO,ppm,8 h,23.2,25.4,17.2,658.0,88.4
CAMS-14,Savar,Savar,23.953704,90.279794,2,CO,ppm,8 h,1.4,4.7,0.2,3.0,89.4
CAMS-12,Mymensingh,Mymensingh,24.762458,90.402102,2,CO,ppm,8 h,1.6,4.9,0.8,11.0,89.4
CAMS-13,Rangpur,Rangpur,25.747371,89.228931,2,CO,ppm,8 h,1.4,4.9,0.2,8.0,79.0
CAMS-16,Cumilla,Cumilla,23.472988,91.180671,2,CO,ppm,8 h,2.7,6.6,1.8,17.0,89.4
CAMS-15,Narsingdi,Narsingdi,23.932456,90.716598,2,CO,ppm,8 h,0.7,3.7,0.2,0.0,89.4
CAMS-1,"DoE Agargaon, Dhaka",Dhaka,23.777394,90.372603,2,O3,ppb,8 h,12.3,48.5,0.2,0.0,90.3
CAMS-2,"BARC Farmgate, Dhaka",Dhaka,23.75941,90.388679,2,O3,ppb,8 h,12.8,54.5,0.6,5.0,88.0
CAMS-3,"Darus-Salam, Dhaka",Dhaka,23.780775,90.35541,2,O3,ppb,8 h,0.6,0.9,0.1,0.0,89.4
CAMS-4,Gazipur,Gazipur,23.994128,90.422315,2,O3,ppb,8 h,8.3,16.2,6.5,0.0,85.9
CAMS-5,Narayanganj,Narayanganj,23.626079,90.5072,2,O3,ppb,8 h,5.8,5.9,5.5,0.0,17.6
CAMS-6,"TV Station, Chattogram",Chattogram,22.360487,91.800454,2,O3,ppb,8 h,15.7,52.8,4.8,2.0,89.4
CAMS-7,"Agrabad, Chattogram",Chattogram,22.32302,91.802336,2,O3,ppb,8 h,,,,,
CAMS-10,Sylhet,Sylhet,24.888334,91.867347,2,O3,ppb,8 h,0.6,5.2,0.1,0.0,85.9
CAMS-8,Khulna,Khulna,22.835775,89.529056,2,O3,ppb,8 h,20.6,61.9,3.3,6.0,89.4
CAMS-9,Rajshahi,Rajshahi,24.38332,88.608007,2,O3,ppb,8 h,15.9,58.8,1.1,6.0,85.6
CAMS-11,Barishal,Barishal,22.710287,90.362598,2,O3,ppb,8 h,,,,,
CAMS-14,Savar,Savar,23.953704,90.279794,2,O3,ppb,8 h,37.8,93.4,7.5,152.0,89.4
CAMS-12,Mymensingh,Mymensingh,24.762458,90.402102,2,O3,ppb,8 h,11.7,40.3,1.1,0.0,89.4
CAMS-13,Rangpur,Rangpur,25.747371,89.228931,2,O3,ppb,8 h,12.8,69.3,0.2,6.0,77.8
CAMS-16,Cumilla,Cumilla,23.472988,91.180671,2,O3,ppb,8 h,,,,,
CAMS-15,Narsingdi,Narsingdi,23.932456,90.716598,2,O3,ppb,8 h,11.0,40.2,0.5,0.0,89.4
CAMS-1,"DoE Agargaon, Dhaka",Dhaka,23.777394,90.372603,2,PM2.5,ug/m3,24 h,132.2,211.7,83.1,28.0,90.3
CAMS-2,"BARC Farmgate, Dhaka",Dhaka,23.75941,90.388679,2,PM2.5,ug/m3,24 h,127.8,227.9,71.8,28.0,90.3
CAMS-3,"Darus-Salam, Dhaka",Dhaka,23.780775,90.35541,2,PM2.5,ug/m3,24 h,155.0,255.9,91.0,27.0,87.1
CAMS-4,Gazipur,Gazipur,23.994128,90.422315,2,PM2.5,ug/m3,24 h,186.9,300.9,117.6,22.0,71.0
CAMS-5,Narayanganj,Narayanganj,23.626079,90.5072,2,PM2.5,ug/m3,24 h,152.0,260.1,55.7,20.0,67.7
CAMS-6,"TV Station, Chattogram",Chattogram,22.360487,91.800454,2,PM2.5,ug/m3,24 h,147.9,235.5,82.1,28.0,90.3
CAMS-7,"Agrabad, Chattogram",Chattogram,22.32302,91.802336,2,PM2.5,ug/m3,24 h,115.1,200.7,65.1,28.0,90.3
CAMS-10,Sylhet,Sylhet,24.888334,91.867347,2,PM2.5,ug/m3,24 h,101.3,158.1,48.4,26.0,90.3
CAMS-8,Khulna,Khulna,22.835775,89.529056,2,PM2.5,ug/m3,24 h,99.7,189.9,45.2,22.0,90.3
CAMS-9,Rajshahi,Rajshahi,24.38332,88.608007,2,PM2.5,ug/m3,24 h,183.7,288.6,68.6,27.0,87.1
CAMS-11,Barishal,Barishal,22.710287,90.362598,2,PM2.5,ug/m3,24 h,32.9,52.5,17.4,0.0,90.3
CAMS-14,Savar,Savar,23.953704,90.279794,2,PM2.5,ug/m3,24 h,173.4,243.9,92.7,28.0,90.3
CAMS-12,Mymensingh,Mymensingh,24.762458,90.402102,2,PM2.5,ug/m3,24 h,159.7,226.6,100.6,28.0,90.3
CAMS-13,Rangpur,Rangpur,25.747371,89.228931,2,PM2.5,ug/m3,24 h,185.0,296.1,78.4,25.0,80.6
CAMS-16,Cumilla,Cumilla,23.472988,91.180671,2,PM2.5,ug/m3,24 h,129.4,236.7,42.2,24.0,90.3
CAMS-15,Narsingdi,Narsingdi,23.932456,90.716598,2,PM2.5,ug/m3,24 h,153.0,234.9,97.6,28.0,90.3
CAMS-1,"DoE Agargaon, Dhaka",Dhaka,23.777394,90.372603,2,PM10,ug/m3,24 h,293.3,428.1,203.1,28.0,90.3
CAMS-2,"BARC Farmgate, Dhaka",Dhaka,23.75941,90.388679,2,PM10,ug/m3,24 h,259.5,397.2,140.3,27.0,90.3
CAMS-3,"Darus-Salam, Dhaka",Dhaka,23.780775,90.35541,2,PM10,ug/m3,24 h,218.7,353.1,136.8,22.0,80.6
CAMS-4,Gazipur,Gazipur,23.994128,90.422315,2,PM10,ug/m3,24 h,274.0,399.6,185.3,18.0,58.1
CAMS-5,Narayanganj,Narayanganj,23.626079,90.5072,2,PM10,ug/m3,24 h,355.3,458.1,279.5,6.0,19.4
CAMS-6,"TV Station, Chattogram",Chattogram,22.360487,91.800454,2,PM10,ug/m3,24 h,124.3,218.9,21.4,9.0,74.2
CAMS-7,"Agrabad, Chattogram",Chattogram,22.32302,91.802336,2,PM10,ug/m3,24 h,257.6,360.9,148.8,27.0,90.3
CAMS-10,Sylhet,Sylhet,24.888334,91.867347,2,PM10,ug/m3,24 h,224.7,390.0,111.4,22.0,74.2
CAMS-8,Khulna,Khulna,22.835775,89.529056,2,PM10,ug/m3,24 h,232.6,430.0,115.0,22.0,90.3
CAMS-9,Rajshahi,Rajshahi,24.38332,88.608007,2,PM10,ug/m3,24 h,246.9,363.4,109.9,20.0,71.0
CAMS-11,Barishal,Barishal,22.710287,90.362598,2,PM10,ug/m3,24 h,,,,,
CAMS-14,Savar,Savar,23.953704,90.279794,2,PM10,ug/m3,24 h,308.7,450.6,183.1,28.0,90.3
CAMS-12,Mymensingh,Mymensingh,24.762458,90.402102,2,PM10,ug/m3,24 h,267.5,391.1,198.6,28.0,90.3
CAMS-13,Rangpur,Rangpur,25.747371,89.228931,2,PM10,ug/m3,24 h,295.1,369.6,211.7,22.0,71.0
CAMS-16,Cumilla,Cumilla,23.472988,91.180671,2,PM10,ug/m3,24 h,255.1,314.8,191.9,11.0,35.5
CAMS-15,Narsingdi,Narsingdi,23.932456,90.716598,2,PM10,ug/m3,24 h,,,,,
CAMS-1,"DoE Agargaon, Dhaka",Dhaka,23.777394,90.372603,3,SO2,ppb,24 h,34.2,64.2,11.3,,100.0
CAMS-2,"BARC Farmgate, Dhaka",Dhaka,23.75941,90.388679,3,SO2,ppb,24 h,4.5,6.6,0.5,,64.5
CAMS-3,"Darus-Salam, Dhaka",Dhaka,23.780775,90.35541,3,SO2,ppb,24 h,4.0,5.6,3.4,,100.0
CAMS-4,Gazipur,Gazipur,23.994128,90.422315,3,SO2,ppb,24 h,8.0,8.9,7.6,,87.1
CAMS-5,Narayanganj,Narayanganj,23.626079,90.5072,3,SO2,ppb,24 h,,,,,
CAMS-6,"TV Station, Chattogram",Chattogram,22.360487,91.800454,3,SO2,ppb,24 h,76.6,128.3,13.3,,90.3
CAMS-7,"Agrabad, Chattogram",Chattogram,22.32302,91.802336,3,SO2,ppb,24 h,16.1,16.6,15.8,,29.0
CAMS-10,Sylhet,Sylhet,24.888334,91.867347,3,SO2,ppb,24 h,1.2,1.3,1.1,,87.1
CAMS-8,Khulna,Khulna,22.835775,89.529056,3,SO2,ppb,24 h,4.3,29.0,0.2,,67.7
CAMS-9,Rajshahi,Rajshahi,24.38332,88.608007,3,SO2,ppb,24 h,7.1,10.8,3.6,,100.0
CAMS-11,Barishal,Barishal,22.710287,90.362598,3,SO2,ppb,24 h,3.9,4.2,3.7,,83.9
CAMS-14,Savar,Savar,23.953704,90.279794,3,SO2,ppb,24 h,5.7,10.9,2.0,,100.0
CAMS-12,Mymensingh,Mymensingh,24.762458,90.402102,3,SO2,ppb,24 h,1.0,2.0,0.3,,71.0
CAMS-13,Rangpur,Rangpur,25.747371,89.228931,3,SO2,ppb,24 h,5.2,7.4,3.6,,83.9
CAMS-16,Cumilla,Cumilla,23.472988,91.180671,3,SO2,ppb,24 h,3.0,3.4,2.7,,100.0
CAMS-15,Narsingdi,Narsingdi,23.932456,90.716598,3,SO2,ppb,24 h,4.7,9.5,1.9,,100.0
CAMS-1,"DoE Agargaon, Dhaka",Dhaka,23.777394,90.372603,3,NO2,ppb,24 h,23.7,52.2,5.2,2.0,100.0
CAMS-2,"BARC Farmgate, Dhaka",Dhaka,23.75941,90.388679,3,NO2,ppb,24 h,39.5,71.4,17.6,11.0,93.5
CAMS-3,"Darus-Salam, Dhaka",Dhaka,23.780775,90.35541,3,NO2,ppb,24 h,6.6,10.3,2.2,0.0,100.0
CAMS-4,Gazipur,Gazipur,23.994128,90.422315,3,NO2,ppb,24 h,,,,,
CAMS-5,Narayanganj,Narayanganj,23.626079,90.5072,3,NO2,ppb,24 h,1.5,1.5,1.5,0.0,3.2
CAMS-6,"TV Station, Chattogram",Chattogram,22.360487,91.800454,3,NO2,ppb,24 h,1.9,2.3,1.7,0.0,90.3
CAMS-7,"Agrabad, Chattogram",Chattogram,22.32302,91.802336,3,NO2,ppb,24 h,4.6,6.1,3.4,0.0,29.0
CAMS-10,Sylhet,Sylhet,24.888334,91.867347,3,NO2,ppb,24 h,24.1,24.1,24.1,0.0,100.0
CAMS-8,Khulna,Khulna,22.835775,89.529056,3,NO2,ppb,24 h,2.0,2.8,1.3,0.0,100.0
CAMS-9,Rajshahi,Rajshahi,24.38332,88.608007,3,NO2,ppb,24 h,7.0,11.5,0.8,0.0,100.0
CAMS-11,Barishal,Barishal,22.710287,90.362598,3,NO2,ppb,24 h,,,,,
CAMS-14,Savar,Savar,23.953704,90.279794,3,NO2,ppb,24 h,6.6,9.2,2.5,0.0,100.0
CAMS-12,Mymensingh,Mymensingh,24.762458,90.402102,3,NO2,ppb,24 h,4.3,5.6,3.7,0.0,100.0
CAMS-13,Rangpur,Rangpur,25.747371,89.228931,3,NO2,ppb,24 h,4.5,7.7,3.0,0.0,67.7
CAMS-16,Cumilla,Cumilla,23.472988,91.180671,3,NO2,ppb,24 h,3.9,5.0,3.6,0.0,100.0
CAMS-15,Narsingdi,Narsingdi,23.932456,90.716598,3,NO2,ppb,24 h,3.5,6.9,2.4,0.0,100.0
CAMS-1,"DoE Agargaon, Dhaka",Dhaka,23.777394,90.372603,3,CO,ppm,8 h,0.7,2.2,0.4,0.0,99.1
CAMS-2,"BARC Farmgate, Dhaka",Dhaka,23.75941,90.388679,3,CO,ppm,8 h,1.6,4.1,0.8,2.0,90.9
CAMS-3,"Darus-Salam, Dhaka",Dhaka,23.780775,90.35541,3,CO,ppm,8 h,1.3,2.4,0.8,0.0,62.8
CAMS-4,Gazipur,Gazipur,23.994128,90.422315,3,CO,ppm,8 h,,,,,
CAMS-5,Narayanganj,Narayanganj,23.626079,90.5072,3,CO,ppm,8 h,0.9,1.0,0.8,0.0,93.5
CAMS-6,"TV Station, Chattogram",Chattogram,22.360487,91.800454,3,CO,ppm,8 h,2.2,4.9,0.2,13.0,59.8
CAMS-7,"Agrabad, Chattogram",Chattogram,22.32302,91.802336,3,CO,ppm,8 h,14.9,33.2,10.4,207.0,27.8
CAMS-10,Sylhet,Sylhet,24.888334,91.867347,3,CO,ppm,8 h,0.8,2.3,0.0,0.0,86.0
CAMS-8,Khulna,Khulna,22.835775,89.529056,3,CO,ppm,8 h,2.1,4.0,1.6,2.0,99.1
CAMS-9,Rajshahi,Rajshahi,24.38332,88.608007,3,CO,ppm,8 h,3.0,6.8,0.2,121.0,97.7
CAMS-11,Barishal,Barishal,22.710287,90.362598,3,CO,ppm,8 h,15.7,19.7,11.6,611.0,82.1
CAMS-14,Savar,Savar,23.953704,90.279794,3,CO,ppm,8 h,1.7,3.2,0.7,0.0,99.1
CAMS-12,Mymensingh,Mymensingh,24.762458,90.402102,3,CO,ppm,8 h,1.4,4.0,0.7,0.0,99.1
CAMS-13,Rangpur,Rangpur,25.747371,89.228931,3,CO,ppm,8 h,1.7,5.2,0.9,17.0,79.0
CAMS-16,Cumilla,Cumilla,23.472988,91.180671,3,CO,ppm,8 h,2.2,4.3,1.2,3.0,99.1
CAMS-15,Narsingdi,Narsingdi,23.932456,90.716598,3,CO,ppm,8 h,0.6,4.8,0.1,7.0,96.9
CAMS-1,"DoE Agargaon, Dhaka",Dhaka,23.777394,90.372603,3,O3,ppb,8 h,19.9,54.1,0.6,11.0,100.0
CAMS-2,"BARC Farmgate, Dhaka",Dhaka,23.75941,90.388679,3,O3,ppb,8 h,10.4,43.5,0.8,0.0,90.9
CAMS-3,"Darus-Salam, Dhaka",Dhaka,23.780775,90.35541,3,O3,ppb,8 h,0.2,0.7,0.1,0.0,91.1
CAMS-4,Gazipur,Gazipur,23.994128,90.422315,3,O3,ppb,8 h,9.6,20.1,6.9,0.0,38.8
CAMS-5,Narayanganj,Narayanganj,23.626079,90.5072,3,O3,ppb,8 h,5.9,8.9,5.3,0.0,13.8
CAMS-6,"TV Station, Chattogram",Chattogram,22.360487,91.800454,3,O3,ppb,8 h,11.5,47.9,3.0,0.0,85.6
CAMS-7,"Agrabad, Chattogram",Chattogram,22.32302,91.802336,3,O3,ppb,8 h,,,,,
CAMS-10,Sylhet,Sylhet,24.888334,91.867347,3,O3,ppb,8 h,0.9,11.6,0.4,0.0,79.8
CAMS-8,Khulna,Khulna,22.835775,89.529056,3,O3,ppb,8 h,16.0,65.3,3.2,6.0,99.1
CAMS-9,Rajshahi,Rajshahi,24.38332,88.608007,3,O3,ppb,8 h,22.3,63.4,2.4,40.0,99.1
CAMS-11,Barishal,Barishal,22.710287,90.362598,3,O3,ppb,8 h,,,,,
CAMS-14,Savar,Savar,23.953704,90.279794,3,O3,ppb,8 h,35.4,92.9,7.2,163.0,99.1
CAMS-12,Mymensingh,Mymensingh,24.762458,90.402102,3,O3,ppb,8 h,12.7,36.7,1.4,0.0,99.1
CAMS-13,Rangpur,Rangpur,25.747371,89.228931,3,O3,ppb,8 h,15.2,47.1,0.2,0.0,78.4
CAMS-16,Cumilla,Cumilla,23.472988,91.180671,3,O3,ppb,8 h,,,,,
CAMS-15,Narsingdi,Narsingdi,23.932456,90.716598,3,O3,ppb,8 h,17.6,70.1,0.6,26.0,96.6
CAMS-1,"DoE Agargaon, Dhaka",Dhaka,23.777394,90.372603,3,PM2.5,ug/m3,24 h,83.1,156.5,41.5,23.0,100.0
CAMS-2,"BARC Farmgate, Dhaka",Dhaka,23.75941,90.388679,3,PM2.5,ug/m3,24 h,91.4,176.3,62.9,24.0,93.5
CAMS-3,"Darus-Salam, Dhaka",Dhaka,23.780775,90.35541,3,PM2.5,ug/m3,24 h,110.6,177.6,64.1,30.0,100.0
CAMS-4,Gazipur,Gazipur,23.994128,90.422315,3,PM2.5,ug/m3,24 h,134.4,214.7,70.7,19.0,61.3
CAMS-5,Narayanganj,Narayanganj,23.626079,90.5072,3,PM2.5,ug/m3,24 h,102.1,239.5,36.8,22.0,96.8
CAMS-6,"TV Station, Chattogram",Chattogram,22.360487,91.800454,3,PM2.5,ug/m3,24 h,107.5,200.9,28.3,21.0,90.3
CAMS-7,"Agrabad, Chattogram",Chattogram,22.32302,91.802336,3,PM2.5,ug/m3,24 h,100.3,131.3,85.0,9.0,29.0
CAMS-10,Sylhet,Sylhet,24.888334,91.867347,3,PM2.5,ug/m3,24 h,73.1,117.6,36.0,20.0,100.0
CAMS-8,Khulna,Khulna,22.835775,89.529056,3,PM2.5,ug/m3,24 h,62.7,98.9,24.3,18.0,100.0
CAMS-9,Rajshahi,Rajshahi,24.38332,88.608007,3,PM2.5,ug/m3,24 h,136.3,246.7,64.9,30.0,100.0
CAMS-11,Barishal,Barishal,22.710287,90.362598,3,PM2.5,ug/m3,24 h,51.3,140.1,15.0,7.0,74.2
CAMS-14,Savar,Savar,23.953704,90.279794,3,PM2.5,ug/m3,24 h,134.9,202.5,77.1,31.0,100.0
CAMS-12,Mymensingh,Mymensingh,24.762458,90.402102,3,PM2.5,ug/m3,24 h,134.8,185.3,79.2,31.0,100.0
CAMS-13,Rangpur,Rangpur,25.747371,89.228931,3,PM2.5,ug/m3,24 h,155.4,233.4,86.5,26.0,83.9
CAMS-16,Cumilla,Cumilla,23.472988,91.180671,3,PM2.5,ug/m3,24 h,82.3,182.0,13.3,24.0,96.8
CAMS-15,Narsingdi,Narsingdi,23.932456,90.716598,3,PM2.5,ug/m3,24 h,128.9,199.7,58.8,29.0,100.0
CAMS-1,"DoE Agargaon, Dhaka",Dhaka,23.777394,90.372603,3,PM10,ug/m3,24 h,187.0,386.0,81.6,17.0,93.5
CAMS-2,"BARC Farmgate, Dhaka",Dhaka,23.75941,90.388679,3,PM10,ug/m3,24 h,189.7,364.9,105.6,19.0,93.5
CAMS-3,"Darus-Salam, Dhaka",Dhaka,23.780775,90.35541,3,PM10,ug/m3,24 h,256.6,256.6,256.6,1.0,3.2
CAMS-4,Gazipur,Gazipur,23.994128,90.422315,3,PM10,ug/m3,24 h,217.8,315.3,116.6,13.0,54.8
CAMS-5,Narayanganj,Narayanganj,23.626079,90.5072,3,PM10,ug/m3,24 h,229.5,400.4,119.1,12.0,64.5
CAMS-6,"TV Station, Chattogram",Chattogram,22.360487,91.800454,3,PM10,ug/m3,24 h,101.0,175.4,45.8,3.0,80.6
CAMS-7,"Agrabad, Chattogram",Chattogram,22.32302,91.802336,3,PM10,ug/m3,24 h,246.1,339.8,156.5,9.0,29.0
CAMS-10,Sylhet,Sylhet,24.888334,91.867347,3,PM10,ug/m3,24 h,177.3,265.0,79.8,22.0,100.0
CAMS-8,Khulna,Khulna,22.835775,89.529056,3,PM10,ug/m3,24 h,184.4,277.2,90.0,21.0,100.0
CAMS-9,Rajshahi,Rajshahi,24.38332,88.608007,3,PM10,ug/m3,24 h,200.9,323.7,70.4,29.0,100.0
CAMS-11,Barishal,Barishal,22.710287,90.362598,3,PM10,ug/m3,24 h,,,,,
CAMS-14,Savar,Savar,23.953704,90.279794,3,PM10,ug/m3,24 h,231.9,341.0,129.5,26.0,100.0
CAMS-12,Mymensingh,Mymensingh,24.762458,90.402102,3,PM10,ug/m3,24 h,211.2,346.2,34.1,23.0,100.0
CAMS-13,Rangpur,Rangpur,25.747371,89.228931,3,PM10,ug/m3,24 h,233.3,307.6,151.5,26.0,83.9
CAMS-16,Cumilla,Cumilla,23.472988,91.180671,3,PM10,ug/m3,24 h,189.2,324.7,53.9,16.0,83.9
CAMS-15,Narsingdi,Narsingdi,23.932456,90.716598,3,PM10,ug/m3,24 h,,,,,
CAMS-1,"DoE Agargaon, Dhaka",Dhaka,23.777394,90.372603,4,SO2,ppb,24 h,13.1,25.3,0.8,0.0,93.5
CAMS-2,"BARC Farmgate, Dhaka",Dhaka,23.75941,90.388679,4,SO2,ppb,24 h,4.8,9.9,2.7,0.0,93.5
CAMS-3,"Darus-Salam, Dhaka",Dhaka,23.780775,90.35541,4,SO2,ppb,24 h,4.1,4.5,3.9,0.0,54.8
CAMS-4,Gazipur,Gazipur,23.994128,90.422315,4,SO2,ppb,24 h,5.6,7.2,5.0,0.0,74.2
CAMS-5,Narayanganj,Narayanganj,23.626079,90.5072,4,SO2,ppb,24 h,,,,,
CAMS-6,"TV Station, Chattogram",Chattogram,22.360487,91.800454,4,SO2,ppb,24 h,12.3,24.3,5.0,0.0,93.5
CAMS-7,"Agrabad, Chattogram",Chattogram,22.32302,91.802336,4,SO2,ppb,24 h,6.0,7.7,4.5,0.0,90.3
CAMS-10,Sylhet,Sylhet,24.888334,91.867347,4,SO2,ppb,24 h,1.2,1.3,1.1,0.0,96.8
CAMS-8,Khulna,Khulna,22.835775,89.529056,4,SO2,ppb,24 h,9.2,18.0,0.4,0.0,93.5
CAMS-9,Rajshahi,Rajshahi,24.38332,88.608007,4,SO2,ppb,24 h,7.8,16.3,3.7,0.0,96.8
CAMS-11,Barishal,Barishal,22.710287,90.362598,4,SO2,ppb,24 h,4.0,8.6,3.5,0.0,96.8
CAMS-14,Savar,Savar,23.953704,90.279794,4,SO2,ppb,24 h,4.7,11.8,2.0,0.0,93.5
CAMS-12,Mymensingh,Mymensingh,24.762458,90.402102,4,SO2,ppb,24 h,1.4,2.5,0.3,0.0,96.8
CAMS-13,Rangpur,Rangpur,25.747371,89.228931,4,SO2,ppb,24 h,4.2,9.3,0.1,0.0,93.5
CAMS-16,Cumilla,Cumilla,23.472988,91.180671,4,SO2,ppb,24 h,2.7,3.3,0.2,0.0,96.8
CAMS-15,Narsingdi,Narsingdi,23.932456,90.716598,4,SO2,ppb,24 h,3.0,9.6,1.7,0.0,96.8
CAMS-1,"DoE Agargaon, Dhaka",Dhaka,23.777394,90.372603,4,NO2,ppb,24 h,14.8,32.1,3.5,0.0,96.8
CAMS-2,"BARC Farmgate, Dhaka",Dhaka,23.75941,90.388679,4,NO2,ppb,24 h,24.7,41.6,13.2,0.0,93.5
CAMS-3,"Darus-Salam, Dhaka",Dhaka,23.780775,90.35541,4,NO2,ppb,24 h,3.9,6.7,2.3,0.0,90.3
CAMS-4,Gazipur,Gazipur,23.994128,90.422315,4,NO2,ppb,24 h,,,,,
CAMS-5,Narayanganj,Narayanganj,23.626079,90.5072,4,NO2,ppb,24 h,,,,,
CAMS-6,"TV Station, Chattogram",Chattogram,22.360487,91.800454,4,NO2,ppb,24 h,1.8,2.1,1.7,0.0,96.8
CAMS-7,"Agrabad, Chattogram",Chattogram,22.32302,91.802336,4,NO2,ppb,24 h,7.1,12.0,3.5,0.0,87.1
CAMS-10,Sylhet,Sylhet,24.888334,91.867347,4,NO2,ppb,24 h,,,,,
CAMS-8,Khulna,Khulna,22.835775,89.529056,4,NO2,ppb,24 h,2.0,2.6,1.5,0.0,96.8
CAMS-9,Rajshahi,Rajshahi,24.38332,88.608007,4,NO2,ppb,24 h,4.1,7.0,0.1,0.0,96.8
CAMS-11,Barishal,Barishal,22.710287,90.362598,4,NO2,ppb,24 h,,,,,
CAMS-14,Savar,Savar,23.953704,90.279794,4,NO2,ppb,24 h,5.5,7.3,2.6,0.0,93.5
CAMS-12,Mymensingh,Mymensingh,24.762458,90.402102,4,NO2,ppb,24 h,3.9,4.0,3.7,0.0,96.8
CAMS-13,Rangpur,Rangpur,25.747371,89.228931,4,NO2,ppb,24 h,5.4,19.7,2.2,0.0,67.7
CAMS-16,Cumilla,Cumilla,23.472988,91.180671,4,NO2,ppb,24 h,3.8,4.1,3.6,0.0,96.8
CAMS-15,Narsingdi,Narsingdi,23.932456,90.716598,4,NO2,ppb,24 h,3.5,6.1,2.7,0.0,35.5
CAMS-1,"DoE Agargaon, Dhaka",Dhaka,23.777394,90.372603,4,CO,ppm,8 h,0.6,1.8,0.4,0.0,95.8
CAMS-2,"BARC Farmgate, Dhaka",Dhaka,23.75941,90.388679,4,CO,ppm,8 h,1.3,5.4,0.0,8.0,87.4
CAMS-3,"Darus-Salam, Dhaka",Dhaka,23.780775,90.35541,4,CO,ppm,8 h,,,,,
CAMS-4,Gazipur,Gazipur,23.994128,90.422315,4,CO,ppm,8 h,,,,,
CAMS-5,Narayanganj,Narayanganj,23.626079,90.5072,4,CO,ppm,8 h,,,,,
CAMS-6,"TV Station, Chattogram",Chattogram,22.360487,91.800454,4,CO,ppm,8 h,1.8,6.0,0.2,38.0,66.3
CAMS-7,"Agrabad, Chattogram",Chattogram,22.32302,91.802336,4,CO,ppm,8 h,3.4,4.1,1.0,1.0,40.3
CAMS-10,Sylhet,Sylhet,24.888334,91.867347,4,CO,ppm,8 h,,,,,
CAMS-8,Khulna,Khulna,22.835775,89.529056,4,CO,ppm,8 h,2.0,2.5,1.2,0.0,95.8
CAMS-9,Rajshahi,Rajshahi,24.38332,88.608007,4,CO,ppm,8 h,3.0,7.5,1.4,71.0,95.8
CAMS-11,Barishal,Barishal,22.710287,90.362598,4,CO,ppm,8 h,19.47,30.6,11.0,713.0,95.8
CAMS-14,Savar,Savar,23.953704,90.279794,4,CO,ppm,8 h,1.6,3.0,0.3,0.0,92.5
CAMS-12,Mymensingh,Mymensingh,24.762458,90.402102,4,CO,ppm,8 h,1.3,3.7,0.2,0.0,93.4
CAMS-13,Rangpur,Rangpur,25.747371,89.228931,4,CO,ppm,8 h,1.5,5.0,0.7,9.0,85.5
CAMS-16,Cumilla,Cumilla,23.472988,91.180671,4,CO,ppm,8 h,2.7,7.5,0.3,140.0,83.2
CAMS-15,Narsingdi,Narsingdi,23.932456,90.716598,4,CO,ppm,8 h,0.4,3.1,0.1,0.0,95.6
CAMS-1,"DoE Agargaon, Dhaka",Dhaka,23.777394,90.372603,4,O3,ppb,8 h,16.9,50.5,0.7,0.0,96.8
CAMS-2,"BARC Farmgate, Dhaka",Dhaka,23.75941,90.388679,4,O3,ppb,8 h,13.2,37.6,0.9,0.0,87.4
CAMS-3,"Darus-Salam, Dhaka",Dhaka,23.780775,90.35541,4,O3,ppb,8 h,0.5,1.0,0.1,0.0,86.6
CAMS-4,Gazipur,Gazipur,23.994128,90.422315,4,O3,ppb,8 h,15.6,15.6,15.6,0.0,1.1
CAMS-5,Narayanganj,Narayanganj,23.626079,90.5072,4,O3,ppb,8 h,5.3,5.3,5.3,0.0,1.1
CAMS-6,"TV Station, Chattogram",Chattogram,22.360487,91.800454,4,O3,ppb,8 h,5.6,22.9,2.8,0.0,95.8
CAMS-7,"Agrabad, Chattogram",Chattogram,22.32302,91.802336,4,O3,ppb,8 h,,,,,
CAMS-10,Sylhet,Sylhet,24.888334,91.867347,4,O3,ppb,8 h,0.5,0.6,0.4,0.0,79.7
CAMS-8,Khulna,Khulna,22.835775,89.529056,4,O3,ppb,8 h,12.6,49.4,3.7,0.0,95.8
CAMS-9,Rajshahi,Rajshahi,24.38332,88.608007,4,O3,ppb,8 h,17.5,55.8,3.3,6.0,95.8
CAMS-11,Barishal,Barishal,22.710287,90.362598,4,O3,ppb,8 h,,,,,
CAMS-14,Savar,Savar,23.953704,90.279794,4,O3,ppb,8 h,24.3,55.9,5.0,15.0,92.9
CAMS-12,Mymensingh,Mymensingh,24.762458,90.402102,4,O3,ppb,8 h,17.9,48.9,2.3,0.0,94.0
CAMS-13,Rangpur,Rangpur,25.747371,89.228931,4,O3,ppb,8 h,12.9,31.1,1.8,0.0,82.1
CAMS-16,Cumilla,Cumilla,23.472988,91.180671,4,O3,ppb,8 h,,,,,
CAMS-15,Narsingdi,Narsingdi,23.932456,90.716598,4,O3,ppb,8 h,15.6,45.0,1.6,0.0,95.8
CAMS-1,"DoE Agargaon, Dhaka",Dhaka,23.777394,90.372603,4,PM2.5,ug/m3,24 h,57.2,110.8,33.7,8.0,96.8
CAMS-2,"BARC Farmgate, Dhaka",Dhaka,23.75941,90.388679,4,PM2.5,ug/m3,24 h,61.2,106.5,37.5,10.0,93.5
CAMS-3,"Darus-Salam, Dhaka",Dhaka,23.780775,90.35541,4,PM2.5,ug/m3,24 h,60.0,130.1,31.0,8.0,80.6
CAMS-4,Gazipur,Gazipur,23.994128,90.422315,4,PM2.5,ug/m3,24 h,,,,,
CAMS-5,Narayanganj,Narayanganj,23.626079,90.5072,4,PM2.5,ug/m3,24 h,72.5,176.4,30.7,13.0,90.3
CAMS-6,"TV Station, Chattogram",Chattogram,22.360487,91.800454,4,PM2.5,ug/m3,24 h,40.0,147.8,9.5,4.0,96.8
CAMS-7,"Agrabad, Chattogram",Chattogram,22.32302,91.802336,4,PM2.5,ug/m3,24 h,137.5,195.8,52.0,27.0,90.3
CAMS-10,Sylhet,Sylhet,24.888334,91.867347,4,PM2.5,ug/m3,24 h,48.3,73.0,20.4,4.0,61.3
CAMS-8,Khulna,Khulna,22.835775,89.529056,4,PM2.5,ug/m3,24 h,31.0,92.4,9.0,3.0,96.8
CAMS-9,Rajshahi,Rajshahi,24.38332,88.608007,4,PM2.5,ug/m3,24 h,77.4,145.9,37.4,17.0,96.8
CAMS-11,Barishal,Barishal,22.710287,90.362598,4,PM2.5,ug/m3,24 h,11.6,15.3,9.2,0.0,22.6
CAMS-14,Savar,Savar,23.953704,90.279794,4,PM2.5,ug/m3,24 h,73.9,107.6,41.7,17.0,93.5
CAMS-12,Mymensingh,Mymensingh,24.762458,90.402102,4,PM2.5,ug/m3,24 h,70.0,136.5,33.3,15.0,96.8
CAMS-13,Rangpur,Rangpur,25.747371,89.228931,4,PM2.5,ug/m3,24 h,95.6,167.3,39.4,23.0,93.5
CAMS-16,Cumilla,Cumilla,23.472988,91.180671,4,PM2.5,ug/m3,24 h,48.6,177.8,15.8,4.0,96.8
CAMS-15,Narsingdi,Narsingdi,23.932456,90.716598,4,PM2.5,ug/m3,24 h,66.4,117.7,35.3,15.0,96.8
CAMS-1,"DoE Agargaon, Dhaka",Dhaka,23.777394,90.372603,4,PM10,ug/m3,24 h,92.9,207.9,17.1,6.0,96.8
CAMS-2,"BARC Farmgate, Dhaka",Dhaka,23.75941,90.388679,4,PM10,ug/m3,24 h,121.4,229.3,66.5,6.0,93.5
CAMS-3,"Darus-Salam, Dhaka",Dhaka,23.780775,90.35541,4,PM10,ug/m3,24 h,125.4,212.9,83.9,5.0,74.2
CAMS-4,Gazipur,Gazipur,23.994128,90.422315,4,PM10,ug/m3,24 h,93.6,161.3,45.4,2.0,71.0
CAMS-5,Narayanganj,Narayanganj,23.626079,90.5072,4,PM10,ug/m3,24 h,152.0,271.3,85.3,12.0,83.9
CAMS-6,"TV Station, Chattogram",Chattogram,22.360487,91.800454,4,PM10,ug/m3,24 h,63.7,139.2,30.7,0.0,93.5
CAMS-7,"Agrabad, Chattogram",Chattogram,22.32302,91.802336,4,PM10,ug/m3,24 h,224.1,312.9,101.7,24.0,90.3
CAMS-10,Sylhet,Sylhet,24.888334,91.867347,4,PM10,ug/m3,24 h,99.2,148.9,54.3,0.0,51.6
CAMS-8,Khulna,Khulna,22.835775,89.529056,4,PM10,ug/m3,24 h,71.3,102.1,10.3,0.0,80.6
CAMS-9,Rajshahi,Rajshahi,24.38332,88.608007,4,PM10,ug/m3,24 h,107.2,211.5,54.2,4.0,96.8
CAMS-11,Barishal,Barishal,22.710287,90.362598,4,PM10,ug/m3,24 h,,,,,
CAMS-14,Savar,Savar,23.953704,90.279794,4,PM10,ug/m3,24 h,128.0,198.1,80.4,2.0,41.9
CAMS-12,Mymensingh,Mymensingh,24.762458,90.402102,4,PM10,ug/m3,24 h,91.4,191.3,16.0,9.0,96.8
CAMS-13,Rangpur,Rangpur,25.747371,89.228931,4,PM10,ug/m3,24 h,162.9,279.6,79.0,14.0,93.5
CAMS-16,Cumilla,Cumilla,23.472988,91.180671,4,PM10,ug/m3,24 h,95.4,166.9,37.3,5.0,96.8
CAMS-15,Narsingdi,Narsingdi,23.932456,90.716598,4,PM10,ug/m3,24 h,,,,,
CAMS-1,"DoE Agargaon, Dhaka",Dhaka,23.777394,90.372603,6,SO2,ppb,24 h,4.1,4.4,3.8,0.0,12.9
CAMS-2,"BARC Farmgate, Dhaka",Dhaka,23.75941,90.388679,6,SO2,ppb,24 h,5.5,6.8,2.1,0.0,38.7
CAMS-3,"Darus-Salam, Dhaka",Dhaka,23.780775,90.35541,6,SO2,ppb,24 h,4.8,5.0,4.7,0.0,51.6
CAMS-4,Gazipur,Gazipur,23.994128,90.422315,6,SO2,ppb,24 h,6.2,11.1,5.4,0.0,64.5
CAMS-5,Narayanganj,Narayanganj,23.626079,90.5072,6,SO2,ppb,24 h,,,,,
CAMS-6,"TV Station, Chattogram",Chattogram,22.360487,91.800454,6,SO2,ppb,24 h,13.5,21.9,8.6,0.0,96.8
CAMS-7,"Agrabad, Chattogram",Chattogram,22.32302,91.802336,6,SO2,ppb,24 h,,,,,
CAMS-10,Sylhet,Sylhet,24.888334,91.867347,6,SO2,ppb,24 h,,,,,
CAMS-8,Khulna,Khulna,22.835775,89.529056,6,SO2,ppb,24 h,16.2,21.4,9.0,0.0,96.8
CAMS-9,Rajshahi,Rajshahi,24.38332,88.608007,6,SO2,ppb,24 h,6.4,11.3,2.7,0.0,96.8
CAMS-11,Barishal,Barishal,22.710287,90.362598,6,SO2,ppb,24 h,3.9,6.3,3.5,0.0,93.5
CAMS-14,Savar,Savar,23.953704,90.279794,6,SO2,ppb,24 h,13.5,27.9,1.6,0.0,41.9
CAMS-12,Mymensingh,Mymensingh,24.762458,90.402102,6,SO2,ppb,24 h,,,,,
CAMS-13,Rangpur,Rangpur,25.747371,89.228931,6,SO2,ppb,24 h,3.6,15.0,1.3,0.0,93.5
CAMS-16,Cumilla,Cumilla,23.472988,91.180671,6,SO2,ppb,24 h,5.7,20.3,0.2,0.0,71.0
CAMS-15,Narsingdi,Narsingdi,23.932456,90.716598,6,SO2,ppb,24 h,5.0,16.2,1.8,0.0,96.8
CAMS-1,"DoE Agargaon, Dhaka",Dhaka,23.777394,90.372603,6,NO2,ppb,24 h,15.6,22.8,9.3,0.0,93.5
CAMS-2,"BARC Farmgate, Dhaka",Dhaka,23.75941,90.388679,6,NO2,ppb,24 h,29.9,51.5,0.8,3.0,74.2
CAMS-3,"Darus-Salam, Dhaka",Dhaka,23.780775,90.35541,6,NO2,ppb,24 h,3.0,3.8,1.7,0.0,48.4
CAMS-4,Gazipur,Gazipur,23.994128,90.422315,6,NO2,ppb,24 h,,,,,
CAMS-5,Narayanganj,Narayanganj,23.626079,90.5072,6,NO2,ppb,24 h,,,,,
CAMS-6,"TV Station, Chattogram",Chattogram,22.360487,91.800454,6,NO2,ppb,24 h,1.6,1.7,1.5,0.0,96.8
CAMS-7,"Agrabad, Chattogram",Chattogram,22.32302,91.802336,6,NO2,ppb,24 h,4.2,6.1,2.7,0.0,9.7
CAMS-10,Sylhet,Sylhet,24.888334,91.867347,6,NO2,ppb,24 h,,,,,
CAMS-8,Khulna,Khulna,22.835775,89.529056,6,NO2,ppb,24 h,2.0,2.5,1.4,0.0,96.8
CAMS-9,Rajshahi,Rajshahi,24.38332,88.608007,6,NO2,ppb,24 h,3.3,3.9,3.0,0.0,96.8
CAMS-11,Barishal,Barishal,22.710287,90.362598,6,NO2,ppb,24 h,,,,,
CAMS-14,Savar,Savar,23.953704,90.279794,6,NO2,ppb,24 h,12.5,26.1,6.9,0.0,93.5
CAMS-12,Mymensingh,Mymensingh,24.762458,90.402102,6,NO2,ppb,24 h,4.2,4.4,3.9,0.0,87.1
CAMS-13,Rangpur,Rangpur,25.747371,89.228931,6,NO2,ppb,24 h,3.1,5.5,2.5,0.0,93.5
CAMS-16,Cumilla,Cumilla,23.472988,91.180671,6,NO2,ppb,24 h,4.0,4.1,3.9,0.0,96.8
CAMS-15,Narsingdi,Narsingdi,23.932456,90.716598,6,NO2,ppb,24 h,4.7,6.2,3.3,0.0,48.4
CAMS-1,"DoE Agargaon, Dhaka",Dhaka,23.777394,90.372603,6,CO,ppm,8 h,0.2,0.3,0.0,0.0,6.2
CAMS-2,"BARC Farmgate, Dhaka",Dhaka,23.75941,90.388679,6,CO,ppm,8 h,1.7,4.0,0.5,0.0,66.0
CAMS-3,"Darus-Salam, Dhaka",Dhaka,23.780775,90.35541,6,CO,ppm,8 h,,,,,
CAMS-4,Gazipur,Gazipur,23.994128,90.422315,6,CO,ppm,8 h,,,,,
CAMS-5,Narayanganj,Narayanganj,23.626079,90.5072,6,CO,ppm,8 h,,,,,
CAMS-6,"TV Station, Chattogram",Chattogram,22.360487,91.800454,6,CO,ppm,8 h,3.4,7.0,0.3,186.0,88.3
CAMS-7,"Agrabad, Chattogram",Chattogram,22.32302,91.802336,6,CO,ppm,8 h,,,,,
CAMS-10,Sylhet,Sylhet,24.888334,91.867347,6,CO,ppm,8 h,1.1,2.1,0.4,0.0,84.0
CAMS-8,Khulna,Khulna,22.835775,89.529056,6,CO,ppm,8 h,0.8,1.1,0.1,0.0,95.2
CAMS-9,Rajshahi,Rajshahi,24.38332,88.608007,6,CO,ppm,8 h,3.1,5.9,1.2,93.0,94.2
CAMS-11,Barishal,Barishal,22.710287,90.362598,6,CO,ppm,8 h,,,,,
CAMS-14,Savar,Savar,23.953704,90.279794,6,CO,ppm,8 h,0.8,5.8,0.1,2.0,90.9
CAMS-12,Mymensingh,Mymensingh,24.762458,90.402102,6,CO,ppm,8 h,0.5,2.7,0.0,0.0,81.5
CAMS-13,Rangpur,Rangpur,25.747371,89.228931,6,CO,ppm,8 h,0.6,1.6,0.0,0.0,86.2
CAMS-16,Cumilla,Cumilla,23.472988,91.180671,6,CO,ppm,8 h,1.8,2.9,0.3,0.0,91.8
CAMS-15,Narsingdi,Narsingdi,23.932456,90.716598,6,CO,ppm,8 h,1.1,5.5,0.2,3.0,11.8
CAMS-1,"DoE Agargaon, Dhaka",Dhaka,23.777394,90.372603,6,O3,ppb,8 h,12.8,36.9,3.3,0.0,81.3
CAMS-2,"BARC Farmgate, Dhaka",Dhaka,23.75941,90.388679,6,O3,ppb,8 h,8.4,23.5,0.7,0.0,68.4
CAMS-3,"Darus-Salam, Dhaka",Dhaka,23.780775,90.35541,6,O3,ppb,8 h,,,,,
CAMS-4,Gazipur,Gazipur,23.994128,90.422315,6,O3,ppb,8 h,,,,,
CAMS-5,Narayanganj,Narayanganj,23.626079,90.5072,6,O3,ppb,8 h,36.6,46.5,21.7,0.0,17.6
CAMS-6,"TV Station, Chattogram",Chattogram,22.360487,91.800454,6,O3,ppb,8 h,4.5,6.5,2.7,0.0,95.8
CAMS-7,"Agrabad, Chattogram",Chattogram,22.32302,91.802336,6,O3,ppb,8 h,,,,,
CAMS-10,Sylhet,Sylhet,24.888334,91.867347,6,O3,ppb,8 h,0.5,0.6,0.3,0.0,74.9
CAMS-8,Khulna,Khulna,22.835775,89.529056,6,O3,ppb,8 h,11.3,26.4,5.9,0.0,95.2
CAMS-9,Rajshahi,Rajshahi,24.38332,88.608007,6,O3,ppb,8 h,7.0,20.0,2.0,0.0,95.8
CAMS-11,Barishal,Barishal,22.710287,90.362598,6,O3,ppb,8 h,,,,,
CAMS-14,Savar,Savar,23.953704,90.279794,6,O3,ppb,8 h,26.3,47.9,5.7,0.0,76.7
CAMS-12,Mymensingh,Mymensingh,24.762458,90.402102,6,O3,ppb,8 h,24.8,46.0,11.2,0.0,94.4
CAMS-13,Rangpur,Rangpur,25.747371,89.228931,6,O3,ppb,8 h,8.3,27.7,1.9,0.0,91.4
CAMS-16,Cumilla,Cumilla,23.472988,91.180671,6,O3,ppb,8 h,,,,,
CAMS-15,Narsingdi,Narsingdi,23.932456,90.716598,6,O3,ppb,8 h,,,,,
CAMS-1,"DoE Agargaon, Dhaka",Dhaka,23.777394,90.372603,6,PM2.5,ug/m3,24 h,28.8,70.9,4.9,1.0,93.5
CAMS-2,"BARC Farmgate, Dhaka",Dhaka,23.75941,90.388679,6,PM2.5,ug/m3,24 h,38.6,68.7,27.2,1.0,74.2
CAMS-3,"Darus-Salam, Dhaka",Dhaka,23.780775,90.35541,6,PM2.5,ug/m3,24 h,31.9,71.9,22.7,1.0,58.1
CAMS-4,Gazipur,Gazipur,23.994128,90.422315,6,PM2.5,ug/m3,24 h,29.3,64.6,8.5,0.0,61.3
CAMS-5,Narayanganj,Narayanganj,23.626079,90.5072,6,PM2.5,ug/m3,24 h,,,,,
CAMS-6,"TV Station, Chattogram",Chattogram,22.360487,91.800454,6,PM2.5,ug/m3,24 h,23.3,67.5,6.7,1.0,96.8
CAMS-7,"Agrabad, Chattogram",Chattogram,22.32302,91.802336,6,PM2.5,ug/m3,24 h,30.4,53.0,17.7,0.0,9.7
CAMS-10,Sylhet,Sylhet,24.888334,91.867347,6,PM2.5,ug/m3,24 h,24.8,81.8,7.5,1.0,96.8
CAMS-8,Khulna,Khulna,22.835775,89.529056,6,PM2.5,ug/m3,24 h,16.3,36.9,6.0,0.0,96.8
CAMS-9,Rajshahi,Rajshahi,24.38332,88.608007,6,PM2.5,ug/m3,24 h,30.3,77.8,4.8,1.0,96.8
CAMS-11,Barishal,Barishal,22.710287,90.362598,6,PM2.5,ug/m3,24 h,7.3,14.3,4.7,0.0,93.5
CAMS-14,Savar,Savar,23.953704,90.279794,6,PM2.5,ug/m3,24 h,27.0,47.7,10.2,0.0,93.5
CAMS-12,Mymensingh,Mymensingh,24.762458,90.402102,6,PM2.5,ug/m3,24 h,33.0,61.6,16.7,0.0,96.8
CAMS-13,Rangpur,Rangpur,25.747371,89.228931,6,PM2.5,ug/m3,24 h,53.3,111.1,16.3,5.0,64.5
CAMS-16,Cumilla,Cumilla,23.472988,91.180671,6,PM2.5,ug/m3,24 h,19.1,47.9,5.4,0.0,83.9
CAMS-15,Narsingdi,Narsingdi,23.932456,90.716598,6,PM2.5,ug/m3,24 h,33.6,89.7,17.2,1.0,96.8
CAMS-1,"DoE Agargaon, Dhaka",Dhaka,23.777394,90.372603,6,PM10,ug/m3,24 h,46.7,68.7,31.4,0.0,83.9
CAMS-2,"BARC Farmgate, Dhaka",Dhaka,23.75941,90.388679,6,PM10,ug/m3,24 h,84.2,137.0,56.8,0.0,35.5
CAMS-3,"Darus-Salam, Dhaka",Dhaka,23.780775,90.35541,6,PM10,ug/m3,24 h,51.0,66.2,31.5,0.0,51.6
CAMS-4,Gazipur,Gazipur,23.994128,90.422315,6,PM10,ug/m3,24 h,44.4,71.2,18.1,0.0,64.5
CAMS-5,Narayanganj,Narayanganj,23.626079,90.5072,6,PM10,ug/m3,24 h,,,,,
CAMS-6,"TV Station, Chattogram",Chattogram,22.360487,91.800454,6,PM10,ug/m3,24 h,,,,,
CAMS-7,"Agrabad, Chattogram",Chattogram,22.32302,91.802336,6,PM10,ug/m3,24 h,26.8,35.5,18.0,0.0,6.5
CAMS-10,Sylhet,Sylhet,24.888334,91.867347,6,PM10,ug/m3,24 h,45.2,72.7,28.2,0.0,96.8
CAMS-8,Khulna,Khulna,22.835775,89.529056,6,PM10,ug/m3,24 h,50.4,107.3,14.5,0.0,96.8
CAMS-9,Rajshahi,Rajshahi,24.38332,88.608007,6,PM10,ug/m3,24 h,51.8,101.1,17.1,0.0,96.8
CAMS-11,Barishal,Barishal,22.710287,90.362598,6,PM10,ug/m3,24 h,,,,,
CAMS-14,Savar,Savar,23.953704,90.279794,6,PM10,ug/m3,24 h,63.1,105.7,24.5,0.0,61.3
CAMS-12,Mymensingh,Mymensingh,24.762458,90.402102,6,PM10,ug/m3,24 h,79.4,133.7,37.6,0.0,96.8
CAMS-13,Rangpur,Rangpur,25.747371,89.228931,6,PM10,ug/m3,24 h,106.5,151.7,63.2,1.0,29.0
CAMS-16,Cumilla,Cumilla,23.472988,91.180671,6,PM10,ug/m3,24 h,38.3,86.4,13.5,0.0,96.8
CAMS-15,Narsingdi,Narsingdi,23.932456,90.716598,6,PM10,ug/m3,24 h,,,,,
CAMS-1,"DoE Agargaon, Dhaka",Dhaka,23.777394,90.372603,7,SO2,ppb,24 h,3.3,8.6,0.1,0.0,93.5
CAMS-2,"BARC Farmgate, Dhaka",Dhaka,23.75941,90.388679,7,SO2,ppb,24 h,,,,,
CAMS-3,"Darus-Salam, Dhaka",Dhaka,23.780775,90.35541,7,SO2,ppb,24 h,5.2,5.3,5.0,0.0,58.1
CAMS-4,Gazipur,Gazipur,23.994128,90.422315,7,SO2,ppb,24 h,6.1,6.7,5.7,0.0,100.0
CAMS-5,Narayanganj,Narayanganj,23.626079,90.5072,7,SO2,ppb,24 h,,,,,
CAMS-6,"TV Station, Chattogram",Chattogram,22.360487,91.800454,7,SO2,ppb,24 h,8.3,12.7,0.9,0.0,54.8
CAMS-7,"Agrabad, Chattogram",Chattogram,22.32302,91.802336,7,SO2,ppb,24 h,,,,,
CAMS-10,Sylhet,Sylhet,24.888334,91.867347,7,SO2,ppb,24 h,,,,,
CAMS-8,Khulna,Khulna,22.835775,89.529056,7,SO2,ppb,24 h,6.7,18.5,0.2,0.0,90.3
CAMS-9,Rajshahi,Rajshahi,24.38332,88.608007,7,SO2,ppb,24 h,5.6,10.1,1.3,0.0,90.3
CAMS-11,Barishal,Barishal,22.710287,90.362598,7,SO2,ppb,24 h,4.1,6.8,3.6,0.0,100.0
CAMS-14,Savar,Savar,23.953704,90.279794,7,SO2,ppb,24 h,1.7,4.4,0.5,0.0,100.0
CAMS-12,Mymensingh,Mymensingh,24.762458,90.402102,7,SO2,ppb,24 h,0.7,1.2,0.5,0.0,100.0
CAMS-13,Rangpur,Rangpur,25.747371,89.228931,7,SO2,ppb,24 h,1.2,2.5,0.3,0.0,93.5
CAMS-16,Cumilla,Cumilla,23.472988,91.180671,7,SO2,ppb,24 h,2.9,4.1,0.6,0.0,100.0
CAMS-15,Narsingdi,Narsingdi,23.932456,90.716598,7,SO2,ppb,24 h,2.3,4.8,1.7,0.0,100.0
CAMS-1,"DoE Agargaon, Dhaka",Dhaka,23.777394,90.372603,7,NO2,ppb,24 h,13.6,23.5,4.7,0.0,100.0
CAMS-2,"BARC Farmgate, Dhaka",Dhaka,23.75941,90.388679,7,NO2,ppb,24 h,28.4,38.0,14.1,0.0,100.0
CAMS-3,"Darus-Salam, Dhaka",Dhaka,23.780775,90.35541,7,NO2,ppb,24 h,2.7,4.6,1.3,0.0,100.0
CAMS-4,Gazipur,Gazipur,23.994128,90.422315,7,NO2,ppb,24 h,,,,,
CAMS-5,Narayanganj,Narayanganj,23.626079,90.5072,7,NO2,ppb,24 h,,,,,
CAMS-6,"TV Station, Chattogram",Chattogram,22.360487,91.800454,7,NO2,ppb,24 h,2.0,2.2,1.6,0.0,100.0
CAMS-7,"Agrabad, Chattogram",Chattogram,22.32302,91.802336,7,NO2,ppb,24 h,,,,,
CAMS-10,Sylhet,Sylhet,24.888334,91.867347,7,NO2,ppb,24 h,,,,,
CAMS-8,Khulna,Khulna,22.835775,89.529056,7,NO2,ppb,24 h,1.9,2.4,1.3,0.0,100.0
CAMS-9,Rajshahi,Rajshahi,24.38332,88.608007,7,NO2,ppb,24 h,3.0,3.4,2.7,0.0,90.3
CAMS-11,Barishal,Barishal,22.710287,90.362598,7,NO2,ppb,24 h,,,,,
CAMS-14,Savar,Savar,23.953704,90.279794,7,NO2,ppb,24 h,12.6,15.3,9.8,0.0,100.0
CAMS-12,Mymensingh,Mymensingh,24.762458,90.402102,7,NO2,ppb,24 h,,,,,
CAMS-13,Rangpur,Rangpur,25.747371,89.228931,7,NO2,ppb,24 h,2.9,3.8,2.2,0.0,93.5
CAMS-16,Cumilla,Cumilla,23.472988,91.180671,7,NO2,ppb,24 h,4.0,4.1,3.9,0.0,100.0
CAMS-15,Narsingdi,Narsingdi,23.932456,90.716598,7,NO2,ppb,24 h,1.9,2.5,1.2,0.0,100.0
CAMS-1,"DoE Agargaon, Dhaka",Dhaka,23.777394,90.372603,7,CO,ppm,8 h,0.5,2.2,0.1,0.0,97.8
CAMS-2,"BARC Farmgate, Dhaka",Dhaka,23.75941,90.388679,7,CO,ppm,8 h,2.4,5.2,0.3,46.0,98.7
CAMS-3,"Darus-Salam, Dhaka",Dhaka,23.780775,90.35541,7,CO,ppm,8 h,,,,,
CAMS-4,Gazipur,Gazipur,23.994128,90.422315,7,CO,ppm,8 h,,,,,
CAMS-5,Narayanganj,Narayanganj,23.626079,90.5072,7,CO,ppm,8 h,,,,,
CAMS-6,"TV Station, Chattogram",Chattogram,22.360487,91.800454,7,CO,ppm,8 h,3.7,7.7,0.5,233.0,93.1
CAMS-7,"Agrabad, Chattogram",Chattogram,22.32302,91.802336,7,CO,ppm,8 h,,,,,
CAMS-10,Sylhet,Sylhet,24.888334,91.867347,7,CO,ppm,8 h,1.4,2.4,0.8,0.0,75.0
CAMS-8,Khulna,Khulna,22.835775,89.529056,7,CO,ppm,8 h,1.0,1.5,0.7,0.0,99.1
CAMS-9,Rajshahi,Rajshahi,24.38332,88.608007,7,CO,ppm,8 h,5.7,8.4,1.1,268.0,50.1
CAMS-11,Barishal,Barishal,22.710287,90.362598,7,CO,ppm,8 h,,,,,
CAMS-14,Savar,Savar,23.953704,90.279794,7,CO,ppm,8 h,0.8,7.5,0.2,8.0,98.8
CAMS-12,Mymensingh,Mymensingh,24.762458,90.402102,7,CO,ppm,8 h,0.7,2.8,0.6,0.0,99.1
CAMS-13,Rangpur,Rangpur,25.747371,89.228931,7,CO,ppm,8 h,0.3,5.1,0.0,2.0,92.5
CAMS-16,Cumilla,Cumilla,23.472988,91.180671,7,CO,ppm,8 h,2.6,6.3,0.3,37.0,58.6
CAMS-15,Narsingdi,Narsingdi,23.932456,90.716598,7,CO,ppm,8 h,1.0,1.4,0.6,0.0,99.1
CAMS-1,"DoE Agargaon, Dhaka",Dhaka,23.777394,90.372603,7,O3,ppb,8 h,8.1,39.4,2.2,0.0,100.0
CAMS-2,"BARC Farmgate, Dhaka",Dhaka,23.75941,90.388679,7,O3,ppb,8 h,12.1,55.6,1.7,3.0,99.1
CAMS-3,"Darus-Salam, Dhaka",Dhaka,23.780775,90.35541,7,O3,ppb,8 h,,,,,
CAMS-4,Gazipur,Gazipur,23.994128,90.422315,7,O3,ppb,8 h,,,,,
CAMS-5,Narayanganj,Narayanganj,23.626079,90.5072,7,O3,ppb,8 h,,,,,
CAMS-6,"TV Station, Chattogram",Chattogram,22.360487,91.800454,7,O3,ppb,8 h,4.3,6.4,2.6,0.0,99.1
CAMS-7,"Agrabad, Chattogram",Chattogram,22.32302,91.802336,7,O3,ppb,8 h,,,,,
CAMS-10,Sylhet,Sylhet,24.888334,91.867347,7,O3,ppb,8 h,,,,,
CAMS-8,Khulna,Khulna,22.835775,89.529056,7,O3,ppb,8 h,8.4,40.3,4.8,0.0,99.1
CAMS-9,Rajshahi,Rajshahi,24.38332,88.608007,7,O3,ppb,8 h,6.4,17.9,1.1,0.0,86.7
CAMS-11,Barishal,Barishal,22.710287,90.362598,7,O3,ppb,8 h,,,,,
CAMS-14,Savar,Savar,23.953704,90.279794,7,O3,ppb,8 h,19.0,38.3,3.9,0.0,98.7
CAMS-12,Mymensingh,Mymensingh,24.762458,90.402102,7,O3,ppb,8 h,2.9,24.6,0.0,0.0,99.1
CAMS-13,Rangpur,Rangpur,25.747371,89.228931,7,O3,ppb,8 h,10.1,39.4,1.7,0.0,91.5
CAMS-16,Cumilla,Cumilla,23.472988,91.180671,7,O3,ppb,8 h,18.8,38.2,4.0,0.0,98.8
CAMS-15,Narsingdi,Narsingdi,23.932456,90.716598,7,O3,ppb,8 h,8.4,40.2,4.8,0.0,99.1
CAMS-1,"DoE Agargaon, Dhaka",Dhaka,23.777394,90.372603,7,PM2.5,ug/m3,24 h,46.9,88.6,24.1,6.0,100.0
CAMS-2,"BARC Farmgate, Dhaka",Dhaka,23.75941,90.388679,7,PM2.5,ug/m3,24 h,40.3,60.6,24.8,0.0,100.0
CAMS-3,"Darus-Salam, Dhaka",Dhaka,23.780775,90.35541,7,PM2.5,ug/m3,24 h,40.3,101.4,11.9,2.0,100.0
CAMS-4,Gazipur,Gazipur,23.994128,90.422315,7,PM2.5,ug/m3,24 h,29.8,75.5,6.6,2.0,100.0
CAMS-5,Narayanganj,Narayanganj,23.626079,90.5072,7,PM2.5,ug/m3,24 h,,,,,
CAMS-6,"TV Station, Chattogram",Chattogram,22.360487,91.800454,7,PM2.5,ug/m3,24 h,20.3,42.4,7.2,0.0,100.0
CAMS-7,"Agrabad, Chattogram",Chattogram,22.32302,91.802336,7,PM2.5,ug/m3,24 h,,,,,
CAMS-10,Sylhet,Sylhet,24.888334,91.867347,7,PM2.5,ug/m3,24 h,14.3,39.7,7.7,0.0,87.1
CAMS-8,Khulna,Khulna,22.835775,89.529056,7,PM2.5,ug/m3,24 h,13.3,39.0,5.3,0.0,100.0
CAMS-9,Rajshahi,Rajshahi,24.38332,88.608007,7,PM2.5,ug/m3,24 h,31.9,57.5,8.7,0.0,90.3
CAMS-11,Barishal,Barishal,22.710287,90.362598,7,PM2.5,ug/m3,24 h,6.0,8.2,4.5,0.0,80.6
CAMS-14,Savar,Savar,23.953704,90.279794,7,PM2.5,ug/m3,24 h,29.0,63.7,11.2,0.0,93.5
CAMS-12,Mymensingh,Mymensingh,24.762458,90.402102,7,PM2.5,ug/m3,24 h,33.4,61.4,14.3,0.0,100.0
CAMS-13,Rangpur,Rangpur,25.747371,89.228931,7,PM2.5,ug/m3,24 h,39.6,83.5,14.4,2.0,80.6
CAMS-16,Cumilla,Cumilla,23.472988,91.180671,7,PM2.5,ug/m3,24 h,12.3,24.4,5.6,0.0,100.0
CAMS-15,Narsingdi,Narsingdi,23.932456,90.716598,7,PM2.5,ug/m3,24 h,26.2,61.9,10.0,0.0,100.0
CAMS-1,"DoE Agargaon, Dhaka",Dhaka,23.777394,90.372603,7,PM10,ug/m3,24 h,64.6,125.1,33.5,0.0,100.0
CAMS-2,"BARC Farmgate, Dhaka",Dhaka,23.75941,90.388679,7,PM10,ug/m3,24 h,72.7,128.3,34.7,0.0,100.0
CAMS-3,"Darus-Salam, Dhaka",Dhaka,23.780775,90.35541,7,PM10,ug/m3,24 h,64.5,163.1,30.5,1.0,100.0
CAMS-4,Gazipur,Gazipur,23.994128,90.422315,7,PM10,ug/m3,24 h,41.1,108.6,12.6,0.0,100.0
CAMS-5,Narayanganj,Narayanganj,23.626079,90.5072,7,PM10,ug/m3,24 h,,,,,
CAMS-6,"TV Station, Chattogram",Chattogram,22.360487,91.800454,7,PM10,ug/m3,24 h,31.6,51.7,13.8,0.0,100.0
CAMS-7,"Agrabad, Chattogram",Chattogram,22.32302,91.802336,7,PM10,ug/m3,24 h,,,,,
CAMS-10,Sylhet,Sylhet,24.888334,91.867347,7,PM10,ug/m3,24 h,70.0,199.7,19.3,1.0,80.6
CAMS-8,Khulna,Khulna,22.835775,89.529056,7,PM10,ug/m3,24 h,34.6,69.5,11.8,0.0,96.8
CAMS-9,Rajshahi,Rajshahi,24.38332,88.608007,7,PM10,ug/m3,24 h,35.2,74.3,10.8,0.0,90.3
CAMS-11,Barishal,Barishal,22.710287,90.362598,7,PM10,ug/m3,24 h,,,,,
CAMS-14,Savar,Savar,23.953704,90.279794,7,PM10,ug/m3,24 h,62.0,125.6,24.3,0.0,77.4
CAMS-12,Mymensingh,Mymensingh,24.762458,90.402102,7,PM10,ug/m3,24 h,86.6,188.1,25.8,3.0,100.0
CAMS-13,Rangpur,Rangpur,25.747371,89.228931,7,PM10,ug/m3,24 h,53.7,86.3,24.4,0.0,74.2
CAMS-16,Cumilla,Cumilla,23.472988,91.180671,7,PM10,ug/m3,24 h,47.9,142.9,11.8,0.0,100.0
CAMS-15,Narsingdi,Narsingdi,23.932456,90.716598,7,PM10,ug/m3,24 h,36.3,99.0,14.2,0.0,96.8
CAMS-1,"DoE Agargaon, Dhaka",Dhaka,23.777394,90.372603,8,SO2,ppb,24 h,5.3,10.0,1.6,0.0,96.8
CAMS-2,"BARC Farmgate, Dhaka",Dhaka,23.75941,90.388679,8,SO2,ppb,24 h,5.6,20.0,0.5,0.0,83.9
CAMS-3,"Darus-Salam, Dhaka",Dhaka,23.780775,90.35541,8,SO2,ppb,24 h,,,,,
CAMS-4,Gazipur,Gazipur,23.994128,90.422315,8,SO2,ppb,24 h,6.2,7.3,5.3,0.0,87.1
CAMS-5,Narayanganj,Narayanganj,23.626079,90.5072,8,SO2,ppb,24 h,,,,,
CAMS-6,"TV Station, Chattogram",Chattogram,22.360487,91.800454,8,SO2,ppb,24 h,1.1,4.1,0.9,0.0,100.0
CAMS-7,"Agrabad, Chattogram",Chattogram,22.32302,91.802336,8,SO2,ppb,24 h,6.1,8.1,4.5,0.0,93.5
CAMS-10,Sylhet,Sylhet,24.888334,91.867347,8,SO2,ppb,24 h,1.3,3.7,1.0,0.0,100.0
CAMS-8,Khulna,Khulna,22.835775,89.529056,8,SO2,ppb,24 h,6.0,14.1,0.1,0.0,80.6
CAMS-9,Rajshahi,Rajshahi,24.38332,88.608007,8,SO2,ppb,24 h,4.6,7.7,2.4,0.0,100.0
CAMS-11,Barishal,Barishal,22.710287,90.362598,8,SO2,ppb,24 h,3.8,4.4,3.5,0.0,100.0
CAMS-14,Savar,Savar,23.953704,90.279794,8,SO2,ppb,24 h,2.3,23.8,0.4,0.0,96.8
CAMS-12,Mymensingh,Mymensingh,24.762458,90.402102,8,SO2,ppb,24 h,2.5,20.4,0.6,0.0,100.0
CAMS-13,Rangpur,Rangpur,25.747371,89.228931,8,SO2,ppb,24 h,0.6,1.3,0.2,0.0,100.0
CAMS-16,Cumilla,Cumilla,23.472988,91.180671,8,SO2,ppb,24 h,4.4,18.8,0.4,0.0,48.4
CAMS-15,Narsingdi,Narsingdi,23.932456,90.716598,8,SO2,ppb,24 h,4.6,18.8,1.8,0.0,100.0
CAMS-1,"DoE Agargaon, Dhaka",Dhaka,23.777394,90.372603,8,NO2,ppb,24 h,6.2,16.5,1.8,0.0,100.0
CAMS-2,"BARC Farmgate, Dhaka",Dhaka,23.75941,90.388679,8,NO2,ppb,24 h,25.81,36.24,7.38,0.0,100.0
CAMS-3,"Darus-Salam, Dhaka",Dhaka,23.780775,90.35541,8,NO2,ppb,24 h,2.0,3.7,0.6,0.0,100.0
CAMS-4,Gazipur,Gazipur,23.994128,90.422315,8,NO2,ppb,24 h,,,,,
CAMS-5,Narayanganj,Narayanganj,23.626079,90.5072,8,NO2,ppb,24 h,,,,,
CAMS-6,"TV Station, Chattogram",Chattogram,22.360487,91.800454,8,NO2,ppb,24 h,2.7,4.0,1.8,0.0,100.0
CAMS-7,"Agrabad, Chattogram",Chattogram,22.32302,91.802336,8,NO2,ppb,24 h,,,,,
CAMS-10,Sylhet,Sylhet,24.888334,91.867347,8,NO2,ppb,24 h,,,,,
CAMS-8,Khulna,Khulna,22.835775,89.529056,8,NO2,ppb,24 h,2.0,2.6,1.5,0.0,100.0
CAMS-9,Rajshahi,Rajshahi,24.38332,88.608007,8,NO2,ppb,24 h,3.1,3.3,2.8,0.0,100.0
CAMS-11,Barishal,Barishal,22.710287,90.362598,8,NO2,ppb,24 h,,,,,
CAMS-14,Savar,Savar,23.953704,90.279794,8,NO2,ppb,24 h,13.7,24.6,8.9,0.0,96.8
CAMS-12,Mymensingh,Mymensingh,24.762458,90.402102,8,NO2,ppb,24 h,,,,,
CAMS-13,Rangpur,Rangpur,25.747371,89.228931,8,NO2,ppb,24 h,3.0,10.7,1.4,0.0,100.0
CAMS-16,Cumilla,Cumilla,23.472988,91.180671,8,NO2,ppb,24 h,,,,,
CAMS-15,Narsingdi,Narsingdi,23.932456,90.716598,8,NO2,ppb,24 h,,,,,
CAMS-1,"DoE Agargaon, Dhaka",Dhaka,23.777394,90.372603,8,CO,ppm,8 h,0.4,2.1,0.1,0.0,98.8
CAMS-2,"BARC Farmgate, Dhaka",Dhaka,23.75941,90.388679,8,CO,ppm,8 h,0.4,2.1,0.1,0.0,87.8
CAMS-3,"Darus-Salam, Dhaka",Dhaka,23.780775,90.35541,8,CO,ppm,8 h,,,,,
CAMS-4,Gazipur,Gazipur,23.994128,90.422315,8,CO,ppm,8 h,,,,,
CAMS-5,Narayanganj,Narayanganj,23.626079,90.5072,8,CO,ppm,8 h,,,,,
CAMS-6,"TV Station, Chattogram",Chattogram,22.360487,91.800454,8,CO,ppm,8 h,4.0,9.7,0.6,310.0,98.9
CAMS-7,"Agrabad, Chattogram",Chattogram,22.32302,91.802336,8,CO,ppm,8 h,,,,,
CAMS-10,Sylhet,Sylhet,24.888334,91.867347,8,CO,ppm,8 h,1.3,1.9,0.9,0.0,30.8
CAMS-8,Khulna,Khulna,22.835775,89.529056,8,CO,ppm,8 h,0.8,1.3,0.1,0.0,98.7
CAMS-9,Rajshahi,Rajshahi,24.38332,88.608007,8,CO,ppm,8 h,5.7,12.4,2.4,501.0,96.8
CAMS-11,Barishal,Barishal,22.710287,90.362598,8,CO,ppm,8 h,,,,,
CAMS-14,Savar,Savar,23.953704,90.279794,8,CO,ppm,8 h,0.8,7.5,0.3,3.0,95.4
CAMS-12,Mymensingh,Mymensingh,24.762458,90.402102,8,CO,ppm,8 h,0.7,2.9,0.6,0.0,99.1
CAMS-13,Rangpur,Rangpur,25.747371,89.228931,8,CO,ppm,8 h,0.7,35.1,0.1,7.0,100.0
CAMS-16,Cumilla,Cumilla,23.472988,91.180671,8,CO,ppm,8 h,0.9,4.2,0.0,1.0,96.4
CAMS-15,Narsingdi,Narsingdi,23.932456,90.716598,8,CO,ppm,8 h,1.7,3.5,0.0,0.0,80.6
CAMS-1,"DoE Agargaon, Dhaka",Dhaka,23.777394,90.372603,8,O3,ppb,8 h,12.1,30.2,3.5,0.0,100.0
CAMS-2,"BARC Farmgate, Dhaka",Dhaka,23.75941,90.388679,8,O3,ppb,8 h,16.8,79.8,3.0,13.0,96.4
CAMS-3,"Darus-Salam, Dhaka",Dhaka,23.780775,90.35541,8,O3,ppb,8 h,,,,,
CAMS-4,Gazipur,Gazipur,23.994128,90.422315,8,O3,ppb,8 h,,,,,
CAMS-5,Narayanganj,Narayanganj,23.626079,90.5072,8,O3,ppb,8 h,,,,,
CAMS-6,"TV Station, Chattogram",Chattogram,22.360487,91.800454,8,O3,ppb,8 h,2.9,5.5,0.3,0.0,99.1
CAMS-7,"Agrabad, Chattogram",Chattogram,22.32302,91.802336,8,O3,ppb,8 h,,,,,
CAMS-10,Sylhet,Sylhet,24.888334,91.867347,8,O3,ppb,8 h,0.5,0.7,0.2,0.0,82.9
CAMS-8,Khulna,Khulna,22.835775,89.529056,8,O3,ppb,8 h,7.3,55.7,4.7,6.0,99.1
CAMS-9,Rajshahi,Rajshahi,24.38332,88.608007,8,O3,ppb,8 h,5.3,30.7,1.0,0.0,99.1
CAMS-11,Barishal,Barishal,22.710287,90.362598,8,O3,ppb,8 h,,,,,
CAMS-14,Savar,Savar,23.953704,90.279794,8,O3,ppb,8 h,36.7,137.7,4.4,104.0,83.3
CAMS-12,Mymensingh,Mymensingh,24.762458,90.402102,8,O3,ppb,8 h,25.6,44.5,0.3,0.0,99.1
CAMS-13,Rangpur,Rangpur,25.747371,89.228931,8,O3,ppb,8 h,35.1,67.1,11.7,7.0,97.2
CAMS-16,Cumilla,Cumilla,23.472988,91.180671,8,O3,ppb,8 h,5.0,126.7,0.1,8.0,83.3
CAMS-15,Narsingdi,Narsingdi,23.932456,90.716598,8,O3,ppb,8 h,5.0,20.5,0.2,0.0,57.9
CAMS-1,"DoE Agargaon, Dhaka",Dhaka,23.777394,90.372603,8,PM2.5,ug/m3,24 h,49.4,208.2,22.9,3.0,100.0
CAMS-2,"BARC Farmgate, Dhaka",Dhaka,23.75941,90.388679,8,PM2.5,ug/m3,24 h,38.2,57.3,27.0,0.0,100.0
CAMS-3,"Darus-Salam, Dhaka",Dhaka,23.780775,90.35541,8,PM2.5,ug/m3,24 h,58.3,324.5,23.2,1.0,41.9
CAMS-4,Gazipur,Gazipur,23.994128,90.422315,8,PM2.5,ug/m3,24 h,37.6,85.7,10.4,3.0,38.7
CAMS-5,Narayanganj,Narayanganj,23.626079,90.5072,8,PM2.5,ug/m3,24 h,,,,,
CAMS-6,"TV Station, Chattogram",Chattogram,22.360487,91.800454,8,PM2.5,ug/m3,24 h,19.2,38.8,7.0,0.0,100.0
CAMS-7,"Agrabad, Chattogram",Chattogram,22.32302,91.802336,8,PM2.5,ug/m3,24 h,,,,,
CAMS-10,Sylhet,Sylhet,24.888334,91.867347,8,PM2.5,ug/m3,24 h,28.0,84.5,6.0,1.0,100.0
CAMS-8,Khulna,Khulna,22.835775,89.529056,8,PM2.5,ug/m3,24 h,18.4,55.9,6.8,0.0,100.0
CAMS-9,Rajshahi,Rajshahi,24.38332,88.608007,8,PM2.5,ug/m3,24 h,81.1,540.9,8.5,6.0,90.3
CAMS-11,Barishal,Barishal,22.710287,90.362598,8,PM2.5,ug/m3,24 h,7.4,32.8,4.4,0.0,93.5
CAMS-14,Savar,Savar,23.953704,90.279794,8,PM2.5,ug/m3,24 h,25.5,40.4,12.8,0.0,96.8
CAMS-12,Mymensingh,Mymensingh,24.762458,90.402102,8,PM2.5,ug/m3,24 h,35.7,74.9,16.3,1.0,100.0
CAMS-13,Rangpur,Rangpur,25.747371,89.228931,8,PM2.5,ug/m3,24 h,39.5,93.9,15.3,1.0,100.0
CAMS-16,Cumilla,Cumilla,23.472988,91.180671,8,PM2.5,ug/m3,24 h,15.4,33.8,7.3,0.0,100.0
CAMS-15,Narsingdi,Narsingdi,23.932456,90.716598,8,PM2.5,ug/m3,24 h,28.9,44.1,16.4,0.0,100.0
CAMS-1,"DoE Agargaon, Dhaka",Dhaka,23.777394,90.372603,8,PM10,ug/m3,24 h,56.3,89.1,32.4,0.0,100.0
CAMS-2,"BARC Farmgate, Dhaka",Dhaka,23.75941,90.388679,8,PM10,ug/m3,24 h,54.9,151.0,31.7,1.0,77.4
CAMS-3,"Darus-Salam, Dhaka",Dhaka,23.780775,90.35541,8,PM10,ug/m3,24 h,69.6,93.2,51.8,0.0,41.9
CAMS-4,Gazipur,Gazipur,23.994128,90.422315,8,PM10,ug/m3,24 h,48.0,95.0,14.7,0.0,67.7
CAMS-5,Narayanganj,Narayanganj,23.626079,90.5072,8,PM10,ug/m3,24 h,,,,,
CAMS-6,"TV Station, Chattogram",Chattogram,22.360487,91.800454,8,PM10,ug/m3,24 h,29.3,64.4,12.8,0.0,100.0
CAMS-7,"Agrabad, Chattogram",Chattogram,22.32302,91.802336,8,PM10,ug/m3,24 h,,,,,
CAMS-10,Sylhet,Sylhet,24.888334,91.867347,8,PM10,ug/m3,24 h,61.3,166.0,17.2,1.0,83.9
CAMS-8,Khulna,Khulna,22.835775,89.529056,8,PM10,ug/m3,24 h,28.4,94.3,11.4,0.0,100.0
CAMS-9,Rajshahi,Rajshahi,24.38332,88.608007,8,PM10,ug/m3,24 h,48.5,89.9,12.0,0.0,100.0
CAMS-11,Barishal,Barishal,22.710287,90.362598,8,PM10,ug/m3,24 h,,,,,
CAMS-14,Savar,Savar,23.953704,90.279794,8,PM10,ug/m3,24 h,51.5,80.0,27.0,0.0,96.8
CAMS-12,Mymensingh,Mymensingh,24.762458,90.402102,8,PM10,ug/m3,24 h,90.2,134.2,46.5,0.0,61.3
CAMS-13,Rangpur,Rangpur,25.747371,89.228931,8,PM10,ug/m3,24 h,43.3,89.6,22.7,0.0,100.0
CAMS-16,Cumilla,Cumilla,23.472988,91.180671,8,PM10,ug/m3,24 h,33.6,75.4,12.4,0.0,96.8
CAMS-15,Narsingdi,Narsingdi,23.932456,90.716598,8,PM10,ug/m3,24 h,32.7,56.2,19.6,0.0,100.0
CAMS-1,"DoE Agargaon, Dhaka",Dhaka,23.777394,90.372603,9,SO2,ppb,24 h,5.4,9.3,1.6,0.0,93.5
CAMS-2,"BARC Farmgate, Dhaka",Dhaka,23.75941,90.388679,9,SO2,ppb,24 h,1.4,2.3,0.5,0.0,90.3
CAMS-3,"Darus-Salam, Dhaka",Dhaka,23.780775,90.35541,9,SO2,ppb,24 h,,,,,
CAMS-4,Gazipur,Gazipur,23.994128,90.422315,9,SO2,ppb,24 h,6.6,7.5,6.3,0.0,93.5
CAMS-5,Narayanganj,Narayanganj,23.626079,90.5072,9,SO2,ppb,24 h,,,,,
CAMS-6,"TV Station, Chattogram",Chattogram,22.360487,91.800454,9,SO2,ppb,24 h,1.0,1.2,0.9,0.0,80.6
CAMS-7,"Agrabad, Chattogram",Chattogram,22.32302,91.802336,9,SO2,ppb,24 h,1.8,2.8,1.4,0.0,58.1
CAMS-10,Sylhet,Sylhet,24.888334,91.867347,9,SO2,ppb,24 h,1.2,1.3,1.1,0.0,96.8
CAMS-8,Khulna,Khulna,22.835775,89.529056,9,SO2,ppb,24 h,,,,,
CAMS-9,Rajshahi,Rajshahi,24.38332,88.608007,9,SO2,ppb,24 h,3.3,4.6,1.6,0.0,96.8
CAMS-11,Barishal,Barishal,22.710287,90.362598,9,SO2,ppb,24 h,4.0,6.6,3.6,0.0,77.4
CAMS-14,Savar,Savar,23.953704,90.279794,9,SO2,ppb,24 h,0.5,1.3,0.2,0.0,93.5
CAMS-12,Mymensingh,Mymensingh,24.762458,90.402102,9,SO2,ppb,24 h,0.7,2.4,0.1,0.0,96.8
CAMS-13,Rangpur,Rangpur,25.747371,89.228931,9,SO2,ppb,24 h,1.3,6.5,0.4,0.0,93.5
CAMS-16,Cumilla,Cumilla,23.472988,91.180671,9,SO2,ppb,24 h,1.7,3.7,0.5,0.0,96.8
CAMS-15,Narsingdi,Narsingdi,23.932456,90.716598,9,SO2,ppb,24 h,0.3,1.1,0.1,0.0,96.8
CAMS-1,"DoE Agargaon, Dhaka",Dhaka,23.777394,90.372603,9,NO2,ppb,24 h,5.9,10.5,1.8,0.0,96.8
CAMS-2,"BARC Farmgate, Dhaka",Dhaka,23.75941,90.388679,9,NO2,ppb,24 h,18.12,28.0,7.55,0.0,90.32
CAMS-3,"Darus-Salam, Dhaka",Dhaka,23.780775,90.35541,9,NO2,ppb,24 h,2.4,5.3,0.8,0.0,96.8
CAMS-4,Gazipur,Gazipur,23.994128,90.422315,9,NO2,ppb,24 h,,,,,
CAMS-5,Narayanganj,Narayanganj,23.626079,90.5072,9,NO2,ppb,24 h,,,,,
CAMS-6,"TV Station, Chattogram",Chattogram,22.360487,91.800454,9,NO2,ppb,24 h,1.9,2.0,1.0,0.0,80.6
CAMS-7,"Agrabad, Chattogram",Chattogram,22.32302,91.802336,9,NO2,ppb,24 h,9.1,13.6,6.1,0.0,58.1
CAMS-10,Sylhet,Sylhet,24.888334,91.867347,9,NO2,ppb,24 h,,,,,
CAMS-8,Khulna,Khulna,22.835775,89.529056,9,NO2,ppb,24 h,2.1,2.9,1.6,0.0,96.8
CAMS-9,Rajshahi,Rajshahi,24.38332,88.608007,9,NO2,ppb,24 h,3.1,3.4,2.7,0.0,96.8
CAMS-11,Barishal,Barishal,22.710287,90.362598,9,NO2,ppb,24 h,,,,,
CAMS-14,Savar,Savar,23.953704,90.279794,9,NO2,ppb,24 h,14.8,21.6,11.0,0.0,96.8
CAMS-12,Mymensingh,Mymensingh,24.762458,90.402102,9,NO2,ppb,24 h,4.2,4.5,3.7,0.0,96.8
CAMS-13,Rangpur,Rangpur,25.747371,89.228931,9,NO2,ppb,24 h,3.8,12.6,1.9,0.0,90.3
CAMS-16,Cumilla,Cumilla,23.472988,91.180671,9,NO2,ppb,24 h,4.0,4.2,3.9,0.0,96.8
CAMS-15,Narsingdi,Narsingdi,23.932456,90.716598,9,NO2,ppb,24 h,2.1,2.8,1.9,0.0,48.4
CAMS-1,"DoE Agargaon, Dhaka",Dhaka,23.777394,90.372603,9,CO,ppm,8 h,0.4,1.3,0.1,0.0,95.7
CAMS-2,"BARC Farmgate, Dhaka",Dhaka,23.75941,90.388679,9,CO,ppm,8 h,0.8,3.6,0.1,0.0,86.4
CAMS-3,"Darus-Salam, Dhaka",Dhaka,23.780775,90.35541,9,CO,ppm,8 h,,,,,
CAMS-4,Gazipur,Gazipur,23.994128,90.422315,9,CO,ppm,8 h,,,,,
CAMS-5,Narayanganj,Narayanganj,23.626079,90.5072,9,CO,ppm,8 h,1.0,1.5,0.9,0.0,94.1
CAMS-6,"TV Station, Chattogram",Chattogram,22.360487,91.800454,9,CO,ppm,8 h,4.1,12.6,1.3,240.0,80.6
CAMS-7,"Agrabad, Chattogram",Chattogram,22.32302,91.802336,9,CO,ppm,8 h,0.2,0.7,0.0,0.0,53.4
CAMS-10,Sylhet,Sylhet,24.888334,91.867347,9,CO,ppm,8 h,1.6,3.3,0.8,0.0,7.3
CAMS-8,Khulna,Khulna,22.835775,89.529056,9,CO,ppm,8 h,1.0,1.8,0.1,0.0,92.9
CAMS-9,Rajshahi,Rajshahi,24.38332,88.608007,9,CO,ppm,8 h,5.0,13.9,0.6,475.0,96.0
CAMS-11,Barishal,Barishal,22.710287,90.362598,9,CO,ppm,8 h,,,,,
CAMS-14,Savar,Savar,23.953704,90.279794,9,CO,ppm,8 h,1.0,3.4,0.4,0.0,96.0
CAMS-12,Mymensingh,Mymensingh,24.762458,90.402102,9,CO,ppm,8 h,0.1,0.7,0.0,0.0,92.1
CAMS-13,Rangpur,Rangpur,25.747371,89.228931,9,CO,ppm,8 h,1.5,34.2,0.2,54.0,90.1
CAMS-16,Cumilla,Cumilla,23.472988,91.180671,9,CO,ppm,8 h,0.8,2.7,0.2,0.0,95.6
CAMS-15,Narsingdi,Narsingdi,23.932456,90.716598,9,CO,ppm,8 h,0.8,5.9,0.2,8.0,96.0
CAMS-1,"DoE Agargaon, Dhaka",Dhaka,23.777394,90.372603,9,O3,ppb,8 h,12.2,30.2,3.5,0.0,96.9
CAMS-2,"BARC Farmgate, Dhaka",Dhaka,23.75941,90.388679,9,O3,ppb,8 h,14.2,49.9,0.7,0.0,84.3
CAMS-3,"Darus-Salam, Dhaka",Dhaka,23.780775,90.35541,9,O3,ppb,8 h,,,,,
CAMS-4,Gazipur,Gazipur,23.994128,90.422315,9,O3,ppb,8 h,7.2,10.2,5.6,0.0,39.0
CAMS-5,Narayanganj,Narayanganj,23.626079,90.5072,9,O3,ppb,8 h,5.2,5.4,5.1,0.0,94.1
CAMS-6,"TV Station, Chattogram",Chattogram,22.360487,91.800454,9,O3,ppb,8 h,3.5,6.5,1.9,0.0,80.8
CAMS-7,"Agrabad, Chattogram",Chattogram,22.32302,91.802336,9,O3,ppb,8 h,4.1,22.2,1.3,0.0,53.4
CAMS-10,Sylhet,Sylhet,24.888334,91.867347,9,O3,ppb,8 h,0.4,0.6,0.3,0.0,77.0
CAMS-8,Khulna,Khulna,22.835775,89.529056,9,O3,ppb,8 h,11.3,45.0,4.1,0.0,84.7
CAMS-9,Rajshahi,Rajshahi,24.38332,88.608007,9,O3,ppb,8 h,3.2,11.1,0.4,0.0,96.0
CAMS-11,Barishal,Barishal,22.710287,90.362598,9,O3,ppb,8 h,16.97,24.05,11.68,0.0,76.45
CAMS-14,Savar,Savar,23.953704,90.279794,9,O3,ppb,8 h,12.4,44.7,4.5,0.0,92.2
CAMS-12,Mymensingh,Mymensingh,24.762458,90.402102,9,O3,ppb,8 h,7.3,32.5,0.3,0.0,96.0
CAMS-13,Rangpur,Rangpur,25.747371,89.228931,9,O3,ppb,8 h,16.4,53.3,0.2,3.0,87.9
CAMS-16,Cumilla,Cumilla,23.472988,91.180671,9,O3,ppb,8 h,13.7,31.8,1.7,0.0,93.3
CAMS-15,Narsingdi,Narsingdi,23.932456,90.716598,9,O3,ppb,8 h,4.7,22.2,0.5,0.0,93.7
CAMS-1,"DoE Agargaon, Dhaka",Dhaka,23.777394,90.372603,9,PM2.5,ug/m3,24 h,39.5,68.5,22.9,1.0,96.8
CAMS-2,"BARC Farmgate, Dhaka",Dhaka,23.75941,90.388679,9,PM2.5,ug/m3,24 h,49.3,86.1,26.5,8.0,90.3
CAMS-3,"Darus-Salam, Dhaka",Dhaka,23.780775,90.35541,9,PM2.5,ug/m3,24 h,54.3,108.0,20.5,5.0,74.2
CAMS-4,Gazipur,Gazipur,23.994128,90.422315,9,PM2.5,ug/m3,24 h,43.1,107.0,17.3,3.0,80.6
CAMS-5,Narayanganj,Narayanganj,23.626079,90.5072,9,PM2.5,ug/m3,24 h,45.4,104.1,10.0,5.0,80.6
CAMS-6,"TV Station, Chattogram",Chattogram,22.360487,91.800454,9,PM2.5,ug/m3,24 h,16.8,39.4,8.2,0.0,80.6
CAMS-7,"Agrabad, Chattogram",Chattogram,22.32302,91.802336,9,PM2.5,ug/m3,24 h,19.2,62.9,9.0,0.0,32.3
CAMS-10,Sylhet,Sylhet,24.888334,91.867347,9,PM2.5,ug/m3,24 h,20.8,54.7,8.7,0.0,74.2
CAMS-8,Khulna,Khulna,22.835775,89.529056,9,PM2.5,ug/m3,24 h,22.0,80.7,9.4,1.0,96.8
CAMS-9,Rajshahi,Rajshahi,24.38332,88.608007,9,PM2.5,ug/m3,24 h,35.9,68.6,9.3,2.0,87.1
CAMS-11,Barishal,Barishal,22.710287,90.362598,9,PM2.5,ug/m3,24 h,12.4,55.1,5.0,0.0,93.5
CAMS-14,Savar,Savar,23.953704,90.279794,9,PM2.5,ug/m3,24 h,39.0,72.2,21.0,3.0,96.8
CAMS-12,Mymensingh,Mymensingh,24.762458,90.402102,9,PM2.5,ug/m3,24 h,45.3,74.3,23.3,4.0,96.8
CAMS-13,Rangpur,Rangpur,25.747371,89.228931,9,PM2.5,ug/m3,24 h,50.2,92.4,25.2,5.0,90.3
CAMS-16,Cumilla,Cumilla,23.472988,91.180671,9,PM2.5,ug/m3,24 h,25.4,55.1,11.7,0.0,96.8
CAMS-15,Narsingdi,Narsingdi,23.932456,90.716598,9,PM2.5,ug/m3,24 h,40.1,83.0,20.1,3.0,96.8
CAMS-1,"DoE Agargaon, Dhaka",Dhaka,23.777394,90.372603,9,PM10,ug/m3,24 h,55.2,83.9,32.4,0.0,96.8
CAMS-2,"BARC Farmgate, Dhaka",Dhaka,23.75941,90.388679,9,PM10,ug/m3,24 h,54.8,107.1,27.8,0.0,87.1
CAMS-3,"Darus-Salam, Dhaka",Dhaka,23.780775,90.35541,9,PM10,ug/m3,24 h,68.9,72.6,65.2,0.0,6.5
CAMS-4,Gazipur,Gazipur,23.994128,90.422315,9,PM10,ug/m3,24 h,65.3,158.3,31.0,1.0,93.5
CAMS-5,Narayanganj,Narayanganj,23.626079,90.5072,9,PM10,ug/m3,24 h,,,,,
CAMS-6,"TV Station, Chattogram",Chattogram,22.360487,91.800454,9,PM10,ug/m3,24 h,37.1,88.5,19.0,0.0,77.4
CAMS-7,"Agrabad, Chattogram",Chattogram,22.32302,91.802336,9,PM10,ug/m3,24 h,,,,,
CAMS-10,Sylhet,Sylhet,24.888334,91.867347,9,PM10,ug/m3,24 h,73.1,132.0,27.3,0.0,96.8
CAMS-8,Khulna,Khulna,22.835775,89.529056,9,PM10,ug/m3,24 h,34.1,77.1,15.4,0.0,96.8
CAMS-9,Rajshahi,Rajshahi,24.38332,88.608007,9,PM10,ug/m3,24 h,68.7,96.8,17.8,0.0,87.1
CAMS-11,Barishal,Barishal,22.710287,90.362598,9,PM10,ug/m3,24 h,,,,,
CAMS-14,Savar,Savar,23.953704,90.279794,9,PM10,ug/m3,24 h,74.5,154.7,41.7,1.0,96.8
CAMS-12,Mymensingh,Mymensingh,24.762458,90.402102,9,PM10,ug/m3,24 h,94.6,151.8,33.7,2.0,93.5
CAMS-13,Rangpur,Rangpur,25.747371,89.228931,9,PM10,ug/m3,24 h,46.4,96.0,17.3,0.0,93.5
CAMS-16,Cumilla,Cumilla,23.472988,91.180671,9,PM10,ug/m3,24 h,33.6,90.2,13.1,0.0,83.9
CAMS-15,Narsingdi,Narsingdi,23.932456,90.716598,9,PM10,ug/m3,24 h,41.2,85.5,9.2,0.0,80.6
CAMS-1,"DoE Agargaon, Dhaka",Dhaka,23.777394,90.372603,10,SO2,ppb,24 h,6.4,12.1,1.1,0.0,96.8
CAMS-2,"BARC Farmgate, Dhaka",Dhaka,23.75941,90.388679,10,SO2,ppb,24 h,3.2,11.0,1.8,0.0,87.1
CAMS-3,"Darus-Salam, Dhaka",Dhaka,23.780775,90.35541,10,SO2,ppb,24 h,,,,,
CAMS-4,Gazipur,Gazipur,23.994128,90.422315,10,SO2,ppb,24 h,6.9,8.1,6.5,0.0,96.8
CAMS-5,Narayanganj,Narayanganj,23.626079,90.5072,10,SO2,ppb,24 h,,,,,
CAMS-6,"TV Station, Chattogram",Chattogram,22.360487,91.800454,10,SO2,ppb,24 h,1.0,1.0,0.9,0.0,48.4
CAMS-7,"Agrabad, Chattogram",Chattogram,22.32302,91.802336,10,SO2,ppb,24 h,,,,,
CAMS-10,Sylhet,Sylhet,24.888334,91.867347,10,SO2,ppb,24 h,1.2,1.6,1.0,0.0,96.8
CAMS-8,Khulna,Khulna,22.835775,89.529056,10,SO2,ppb,24 h,7.5,12.7,3.5,0.0,32.3
CAMS-9,Rajshahi,Rajshahi,24.38332,88.608007,10,SO2,ppb,24 h,3.7,7.6,2.5,0.0,96.8
CAMS-11,Barishal,Barishal,22.710287,90.362598,10,SO2,ppb,24 h,,,,,
CAMS-14,Savar,Savar,23.953704,90.279794,10,SO2,ppb,24 h,1.1,3.0,0.1,0.0,71.0
CAMS-12,Mymensingh,Mymensingh,24.762458,90.402102,10,SO2,ppb,24 h,0.8,2.0,0.1,0.0,96.8
CAMS-13,Rangpur,Rangpur,25.747371,89.228931,10,SO2,ppb,24 h,2.1,6.8,0.3,0.0,45.2
CAMS-16,Cumilla,Cumilla,23.472988,91.180671,10,SO2,ppb,24 h,2.3,8.5,0.5,0.0,96.8
CAMS-15,Narsingdi,Narsingdi,23.932456,90.716598,10,SO2,ppb,24 h,0.7,5.4,0.1,0.0,96.8
CAMS-1,"DoE Agargaon, Dhaka",Dhaka,23.777394,90.372603,10,NO2,ppb,24 h,10.4,33.0,1.5,0.0,96.8
CAMS-2,"BARC Farmgate, Dhaka",Dhaka,23.75941,90.388679,10,NO2,ppb,24 h,8.27,16.4,1.74,0.0,96.77
CAMS-3,"Darus-Salam, Dhaka",Dhaka,23.780775,90.35541,10,NO2,ppb,24 h,2.3,2.8,1.9,0.0,96.8
CAMS-4,Gazipur,Gazipur,23.994128,90.422315,10,NO2,ppb,24 h,,,,,
CAMS-5,Narayanganj,Narayanganj,23.626079,90.5072,10,NO2,ppb,24 h,,,,,
CAMS-6,"TV Station, Chattogram",Chattogram,22.360487,91.800454,10,NO2,ppb,24 h,1.9,2.0,1.8,0.0,58.1
CAMS-7,"Agrabad, Chattogram",Chattogram,22.32302,91.802336,10,NO2,ppb,24 h,,,,,
CAMS-10,Sylhet,Sylhet,24.888334,91.867347,10,NO2,ppb,24 h,,,,,
CAMS-8,Khulna,Khulna,22.835775,89.529056,10,NO2,ppb,24 h,4.2,5.6,1.9,0.0,80.6
CAMS-9,Rajshahi,Rajshahi,24.38332,88.608007,10,NO2,ppb,24 h,4.4,13.0,2.7,0.0,96.8
CAMS-11,Barishal,Barishal,22.710287,90.362598,10,NO2,ppb,24 h,,,,,
CAMS-14,Savar,Savar,23.953704,90.279794,10,NO2,ppb,24 h,16.0,20.3,8.6,0.0,58.1
CAMS-12,Mymensingh,Mymensingh,24.762458,90.402102,10,NO2,ppb,24 h,3.7,4.5,2.9,0.0,96.8
CAMS-13,Rangpur,Rangpur,25.747371,89.228931,10,NO2,ppb,24 h,2.5,5.3,1.2,0.0,96.8
CAMS-16,Cumilla,Cumilla,23.472988,91.180671,10,NO2,ppb,24 h,4.1,4.2,4.0,0.0,80.6
CAMS-15,Narsingdi,Narsingdi,23.932456,90.716598,10,NO2,ppb,24 h,,,,,
CAMS-1,"DoE Agargaon, Dhaka",Dhaka,23.777394,90.372603,10,CO,ppm,8 h,0.5,2.1,0.01,0.0,96.1
CAMS-2,"BARC Farmgate, Dhaka",Dhaka,23.75941,90.388679,10,CO,ppm,8 h,1.2,5.8,0.3,13.0,99.1
CAMS-3,"Darus-Salam, Dhaka",Dhaka,23.780775,90.35541,10,CO,ppm,8 h,1.7,2.1,1.3,0.0,3.2
CAMS-4,Gazipur,Gazipur,23.994128,90.422315,10,CO,ppm,8 h,0.9,1.0,0.8,0.0,3.2
CAMS-5,Narayanganj,Narayanganj,23.626079,90.5072,10,CO,ppm,8 h,1.0,1.1,0.8,0.0,86.2
CAMS-6,"TV Station, Chattogram",Chattogram,22.360487,91.800454,10,CO,ppm,8 h,3.5,8.7,0.4,168.0,96.8
CAMS-7,"Agrabad, Chattogram",Chattogram,22.32302,91.802336,10,CO,ppm,8 h,0.4,1.0,0.1,0.0,9.4
CAMS-10,Sylhet,Sylhet,24.888334,91.867347,10,CO,ppm,8 h,1.6,3.3,0.3,0.0,7.4
CAMS-8,Khulna,Khulna,22.835775,89.529056,10,CO,ppm,8 h,1.0,3.2,0.1,0.0,75.5
CAMS-9,Rajshahi,Rajshahi,24.38332,88.608007,10,CO,ppm,8 h,4.6,11.8,0.3,296.0,70.7
CAMS-11,Barishal,Barishal,22.710287,90.362598,10,CO,ppm,8 h,,,,,
CAMS-14,Savar,Savar,23.953704,90.279794,10,CO,ppm,8 h,0.8,8.5,0.1,3.0,62.2
CAMS-12,Mymensingh,Mymensingh,24.762458,90.402102,10,CO,ppm,8 h,0.2,2.3,0.0,0.01,96.5
CAMS-13,Rangpur,Rangpur,25.747371,89.228931,10,CO,ppm,8 h,0.9,5.2,0.1,15.0,97.8
CAMS-16,Cumilla,Cumilla,23.472988,91.180671,10,CO,ppm,8 h,0.9,2.5,0.5,0.0,99.1
CAMS-15,Narsingdi,Narsingdi,23.932456,90.716598,10,CO,ppm,8 h,1.4,3.0,0.6,0.0,95.7
CAMS-1,"DoE Agargaon, Dhaka",Dhaka,23.777394,90.372603,10,O3,ppb,8 h,21.3,57.9,0.9,8.0,97.3
CAMS-2,"BARC Farmgate, Dhaka",Dhaka,23.75941,90.388679,10,O3,ppb,8 h,9.3,40.8,0.2,0.0,92.6
CAMS-3,"Darus-Salam, Dhaka",Dhaka,23.780775,90.35541,10,O3,ppb,8 h,4.3,4.4,4.3,0.0,3.2
CAMS-4,Gazipur,Gazipur,23.994128,90.422315,10,O3,ppb,8 h,,,,,
CAMS-5,Narayanganj,Narayanganj,23.626079,90.5072,10,O3,ppb,8 h,,,,,
CAMS-6,"TV Station, Chattogram",Chattogram,22.360487,91.800454,10,O3,ppb,8 h,4.5,10.6,2.8,0.0,99.1
CAMS-7,"Agrabad, Chattogram",Chattogram,22.32302,91.802336,10,O3,ppb,8 h,5.0,18.6,1.5,0.0,9.4
CAMS-10,Sylhet,Sylhet,24.888334,91.867347,10,O3,ppb,8 h,0.0,0.6,0.3,0.0,78.8
CAMS-8,Khulna,Khulna,22.835775,89.529056,10,O3,ppb,8 h,11.2,37.9,3.8,0.0,74.5
CAMS-9,Rajshahi,Rajshahi,24.38332,88.608007,10,O3,ppb,8 h,4.9,22.0,0.2,0.0,96.8
CAMS-11,Barishal,Barishal,22.710287,90.362598,10,O3,ppb,8 h,13.38,29.15,0.32,0.0,71.64
CAMS-14,Savar,Savar,23.953704,90.279794,10,O3,ppb,8 h,27.0,49.0,8.4,0.0,57.5
CAMS-12,Mymensingh,Mymensingh,24.762458,90.402102,10,O3,ppb,8 h,2.7,50.2,0.1,0.0,98.5
CAMS-13,Rangpur,Rangpur,25.747371,89.228931,10,O3,ppb,8 h,3.1,39.8,0.1,0.0,97.7
CAMS-16,Cumilla,Cumilla,23.472988,91.180671,10,O3,ppb,8 h,15.0,51.0,2.2,0.0,99.1
CAMS-15,Narsingdi,Narsingdi,23.932456,90.716598,10,O3,ppb,8 h,4.8,29.3,0.2,0.0,97.7
CAMS-1,"DoE Agargaon, Dhaka",Dhaka,23.777394,90.372603,10,PM2.5,ug/m3,24 h,58.2,82.5,21.7,11.0,96.8
CAMS-2,"BARC Farmgate, Dhaka",Dhaka,23.75941,90.388679,10,PM2.5,ug/m3,24 h,60.3,82.5,31.1,12.0,96.8
CAMS-3,"Darus-Salam, Dhaka",Dhaka,23.780775,90.35541,10,PM2.5,ug/m3,24 h,60.9,65.2,56.8,1.0,12.9
CAMS-4,Gazipur,Gazipur,23.994128,90.422315,10,PM2.5,ug/m3,24 h,45.8,71.0,12.2,2.0,32.3
CAMS-5,Narayanganj,Narayanganj,23.626079,90.5072,10,PM2.5,ug/m3,24 h,50.9,90.0,15.5,4.0,41.9
CAMS-6,"TV Station, Chattogram",Chattogram,22.360487,91.800454,10,PM2.5,ug/m3,24 h,38.3,100.0,11.2,4.0,71.0
CAMS-7,"Agrabad, Chattogram",Chattogram,22.32302,91.802336,10,PM2.5,ug/m3,24 h,46.8,57.4,22.0,0.0,12.9
CAMS-10,Sylhet,Sylhet,24.888334,91.867347,10,PM2.5,ug/m3,24 h,36.7,120.6,14.5,1.0,74.2
CAMS-8,Khulna,Khulna,22.835775,89.529056,10,PM2.5,ug/m3,24 h,43.0,83.4,7.8,7.0,77.4
CAMS-9,Rajshahi,Rajshahi,24.38332,88.608007,10,PM2.5,ug/m3,24 h,57.3,97.9,11.9,16.0,96.8
CAMS-11,Barishal,Barishal,22.710287,90.362598,10,PM2.5,ug/m3,24 h,38.3,78.3,6.5,3.0,74.2
CAMS-14,Savar,Savar,23.953704,90.279794,10,PM2.5,ug/m3,24 h,58.4,92.1,16.1,8.0,67.7
CAMS-12,Mymensingh,Mymensingh,24.762458,90.402102,10,PM2.5,ug/m3,24 h,53.6,120.5,13.3,6.0,96.8
CAMS-13,Rangpur,Rangpur,25.747371,89.228931,10,PM2.5,ug/m3,24 h,78.9,131.9,24.0,23.0,96.8
CAMS-16,Cumilla,Cumilla,23.472988,91.180671,10,PM2.5,ug/m3,24 h,51.5,105.3,12.1,12.0,96.8
CAMS-15,Narsingdi,Narsingdi,23.932456,90.716598,10,PM2.5,ug/m3,24 h,61.0,105.3,17.5,17.0,96.8
CAMS-1,"DoE Agargaon, Dhaka",Dhaka,23.777394,90.372603,10,PM10,ug/m3,24 h,107.1,154.7,40.9,1.0,96.8
CAMS-2,"BARC Farmgate, Dhaka",Dhaka,23.75941,90.388679,10,PM10,ug/m3,24 h,98.6,219.4,33.6,5.0,96.8
CAMS-3,"Darus-Salam, Dhaka",Dhaka,23.780775,90.35541,10,PM10,ug/m3,24 h,92.6,120.0,65.2,0.0,6.5
CAMS-4,Gazipur,Gazipur,23.994128,90.422315,10,PM10,ug/m3,24 h,92.8,192.1,17.4,1.0,83.9
CAMS-5,Narayanganj,Narayanganj,23.626079,90.5072,10,PM10,ug/m3,24 h,,,,,
CAMS-6,"TV Station, Chattogram",Chattogram,22.360487,91.800454,10,PM10,ug/m3,24 h,44.8,98.1,14.9,0.0,61.3
CAMS-7,"Agrabad, Chattogram",Chattogram,22.32302,91.802336,10,PM10,ug/m3,24 h,,,,,
CAMS-10,Sylhet,Sylhet,24.888334,91.867347,10,PM10,ug/m3,24 h,79.5,144.9,22.5,0.0,96.8
CAMS-8,Khulna,Khulna,22.835775,89.529056,10,PM10,ug/m3,24 h,68.6,128.4,14.9,0.0,80.6
CAMS-9,Rajshahi,Rajshahi,24.38332,88.608007,10,PM10,ug/m3,24 h,123.9,201.7,36.6,11.0,96.8
CAMS-11,Barishal,Barishal,22.710287,90.362598,10,PM10,ug/m3,24 h,,,,,
CAMS-14,Savar,Savar,23.953704,90.279794,10,PM10,ug/m3,24 h,63.8,91.8,44.4,0.0,19.4
CAMS-12,Mymensingh,Mymensingh,24.762458,90.402102,10,PM10,ug/m3,24 h,93.5,166.6,19.3,1.0,96.8
CAMS-13,Rangpur,Rangpur,25.747371,89.228931,10,PM10,ug/m3,24 h,49.3,81.1,18.8,0.0,96.8
CAMS-16,Cumilla,Cumilla,23.472988,91.180671,10,PM10,ug/m3,24 h,71.4,174.9,16.8,1.0,67.7
CAMS-15,Narsingdi,Narsingdi,23.932456,90.716598,10,PM10,ug/m3,24 h,66.1,103.6,18.5,0.0,96.8
CAMS-1,"DoE Agargaon, Dhaka",Dhaka,23.777394,90.372603,11,SO2,ppb,24 h,9.7,17.7,3.5,0.0,96.8
CAMS-2,"BARC Farmgate, Dhaka",Dhaka,23.75941,90.388679,11,SO2,ppb,24 h,2.2,4.8,0.7,0.0,96.8
CAMS-3,"Darus-Salam, Dhaka",Dhaka,23.780775,90.35541,11,SO2,ppb,24 h,,,,,
CAMS-4,Gazipur,Gazipur,23.994128,90.422315,11,SO2,ppb,24 h,10.3,11.2,10.1,0.0,96.8
CAMS-5,Narayanganj,Narayanganj,23.626079,90.5072,11,SO2,ppb,24 h,,,,,
CAMS-6,"TV Station, Chattogram",Chattogram,22.360487,91.800454,11,SO2,ppb,24 h,1.0,1.0,0.9,0.0,67.7
CAMS-7,"Agrabad, Chattogram",Chattogram,22.32302,91.802336,11,SO2,ppb,24 h,1.7,2.3,1.4,0.0,25.8
CAMS-10,Sylhet,Sylhet,24.888334,91.867347,11,SO2,ppb,24 h,1.2,1.3,1.0,0.0,96.8
CAMS-8,Khulna,Khulna,22.835775,89.529056,11,SO2,ppb,24 h,5.7,8.6,0.1,0.0,12.9
CAMS-9,Rajshahi,Rajshahi,24.38332,88.608007,11,SO2,ppb,24 h,2.0,3.5,1.0,0.0,96.8
CAMS-11,Barishal,Barishal,22.710287,90.362598,11,SO2,ppb,24 h,,,,,
CAMS-14,Savar,Savar,23.953704,90.279794,11,SO2,ppb,24 h,2.5,8.6,0.4,0.0,90.3
CAMS-12,Mymensingh,Mymensingh,24.762458,90.402102,11,SO2,ppb,24 h,4.7,13.9,0.9,0.0,54.8
CAMS-13,Rangpur,Rangpur,25.747371,89.228931,11,SO2,ppb,24 h,0.7,1.3,0.3,0.0,45.2
CAMS-16,Cumilla,Cumilla,23.472988,91.180671,11,SO2,ppb,24 h,3.2,7.7,0.7,0.0,64.5
CAMS-15,Narsingdi,Narsingdi,23.932456,90.716598,11,SO2,ppb,24 h,1.6,3.5,0.4,0.0,96.8
CAMS-1,"DoE Agargaon, Dhaka",Dhaka,23.777394,90.372603,11,NO2,ppb,24 h,30.5,51.1,10.1,5.0,96.8
CAMS-2,"BARC Farmgate, Dhaka",Dhaka,23.75941,90.388679,11,NO2,ppb,24 h,14.76,23.71,6.1,0.0,35.48
CAMS-3,"Darus-Salam, Dhaka",Dhaka,23.780775,90.35541,11,NO2,ppb,24 h,3.4,6.6,1.3,0.0,96.8
CAMS-4,Gazipur,Gazipur,23.994128,90.422315,11,NO2,ppb,24 h,0.2,0.2,0.2,0.0,96.8
CAMS-5,Narayanganj,Narayanganj,23.626079,90.5072,11,NO2,ppb,24 h,,,,,
CAMS-6,"TV Station, Chattogram",Chattogram,22.360487,91.800454,11,NO2,ppb,24 h,2.5,8.2,1.8,0.0,32.3
CAMS-7,"Agrabad, Chattogram",Chattogram,22.32302,91.802336,11,NO2,ppb,24 h,19.7,22.8,15.9,0.0,25.8
CAMS-10,Sylhet,Sylhet,24.888334,91.867347,11,NO2,ppb,24 h,,,,,
CAMS-8,Khulna,Khulna,22.835775,89.529056,11,NO2,ppb,24 h,3.9,5.7,2.4,0.0,96.8
CAMS-9,Rajshahi,Rajshahi,24.38332,88.608007,11,NO2,ppb,24 h,4.0,11.6,2.5,0.0,96.8
CAMS-11,Barishal,Barishal,22.710287,90.362598,11,NO2,ppb,24 h,,,,,
CAMS-14,Savar,Savar,23.953704,90.279794,11,NO2,ppb,24 h,12.5,20.1,5.1,0.0,90.3
CAMS-12,Mymensingh,Mymensingh,24.762458,90.402102,11,NO2,ppb,24 h,0.4,1.7,0.1,0.0,93.5
CAMS-13,Rangpur,Rangpur,25.747371,89.228931,11,NO2,ppb,24 h,4.1,25.5,0.4,0.0,64.5
CAMS-16,Cumilla,Cumilla,23.472988,91.180671,11,NO2,ppb,24 h,0.5,3.4,0.1,0.0,61.3
CAMS-15,Narsingdi,Narsingdi,23.932456,90.716598,11,NO2,ppb,24 h,2.5,3.0,2.0,0.0,87.1
CAMS-1,"DoE Agargaon, Dhaka",Dhaka,23.777394,90.372603,11,CO,ppm,8 h,0.7,3.3,0.0,0.0,95.4
CAMS-2,"BARC Farmgate, Dhaka",Dhaka,23.75941,90.388679,11,CO,ppm,8 h,1.0,2.8,0.3,0.0,95.8
CAMS-3,"Darus-Salam, Dhaka",Dhaka,23.780775,90.35541,11,CO,ppm,8 h,,,,,
CAMS-4,Gazipur,Gazipur,23.994128,90.422315,11,CO,ppm,8 h,1.2,4.0,0.7,0.0,39.9
CAMS-5,Narayanganj,Narayanganj,23.626079,90.5072,11,CO,ppm,8 h,1.0,1.0,0.9,0.0,30.0
CAMS-6,"TV Station, Chattogram",Chattogram,22.360487,91.800454,11,CO,ppm,8 h,3.8,8.7,0.3,231.0,95.8
CAMS-7,"Agrabad, Chattogram",Chattogram,22.32302,91.802336,11,CO,ppm,8 h,1.0,1.9,0.1,0.0,24.7
CAMS-10,Sylhet,Sylhet,24.888334,91.867347,11,CO,ppm,8 h,,,,,
CAMS-8,Khulna,Khulna,22.835775,89.529056,11,CO,ppm,8 h,2.3,4.2,0.2,28.0,90.7
CAMS-9,Rajshahi,Rajshahi,24.38332,88.608007,11,CO,ppm,8 h,4.7,13.9,0.5,257.0,91.9
CAMS-11,Barishal,Barishal,22.710287,90.362598,11,CO,ppm,8 h,,,,,
CAMS-14,Savar,Savar,23.953704,90.279794,11,CO,ppm,8 h,0.8,4.6,0.0,5.0,84.5
CAMS-12,Mymensingh,Mymensingh,24.762458,90.402102,11,CO,ppm,8 h,1.2,3.7,0.0,0.0,95.4
CAMS-13,Rangpur,Rangpur,25.747371,89.228931,11,CO,ppm,8 h,0.9,9.2,0.1,8.0,86.6
CAMS-16,Cumilla,Cumilla,23.472988,91.180671,11,CO,ppm,8 h,1.1,3.6,0.5,0.0,91.4
CAMS-15,Narsingdi,Narsingdi,23.932456,90.716598,11,CO,ppm,8 h,0.9,4.0,0.2,1.0,95.8
CAMS-1,"DoE Agargaon, Dhaka",Dhaka,23.777394,90.372603,11,O3,ppb,8 h,16.5,53.6,0.1,4.0,95.7
CAMS-2,"BARC Farmgate, Dhaka",Dhaka,23.75941,90.388679,11,O3,ppb,8 h,5.0,43.0,0.8,0.0,66.0
CAMS-3,"Darus-Salam, Dhaka",Dhaka,23.780775,90.35541,11,O3,ppb,8 h,,,,,
CAMS-4,Gazipur,Gazipur,23.994128,90.422315,11,O3,ppb,8 h,,,,,
CAMS-5,Narayanganj,Narayanganj,23.626079,90.5072,11,O3,ppb,8 h,5.2,5.3,5.0,0.0,28.8
CAMS-6,"TV Station, Chattogram",Chattogram,22.360487,91.800454,11,O3,ppb,8 h,5.4,11.8,2.2,0.0,95.8
CAMS-7,"Agrabad, Chattogram",Chattogram,22.32302,91.802336,11,O3,ppb,8 h,13.3,42.1,2.8,0.0,24.7
CAMS-10,Sylhet,Sylhet,24.888334,91.867347,11,O3,ppb,8 h,,,,,
CAMS-8,Khulna,Khulna,22.835775,89.529056,11,O3,ppb,8 h,16.2,41.6,5.4,0.0,94.4
CAMS-9,Rajshahi,Rajshahi,24.38332,88.608007,11,O3,ppb,8 h,2.1,22.8,0.1,0.0,90.1
CAMS-11,Barishal,Barishal,22.710287,90.362598,11,O3,ppb,8 h,,,,,
CAMS-14,Savar,Savar,23.953704,90.279794,11,O3,ppb,8 h,12.6,49.8,0.4,0.0,83.2
CAMS-12,Mymensingh,Mymensingh,24.762458,90.402102,11,O3,ppb,8 h,6.0,25.2,0.4,0.0,95.8
CAMS-13,Rangpur,Rangpur,25.747371,89.228931,11,O3,ppb,8 h,5.8,26.3,0.1,0.0,85.6
CAMS-16,Cumilla,Cumilla,23.472988,91.180671,11,O3,ppb,8 h,12.6,34.2,0.3,0.0,91.3
CAMS-15,Narsingdi,Narsingdi,23.932456,90.716598,11,O3,ppb,8 h,9.3,41.6,0.2,0.0,95.8
CAMS-1,"DoE Agargaon, Dhaka",Dhaka,23.777394,90.372603,11,PM2.5,ug/m3,24 h,86.6,137.1,20.8,22.0,96.8
CAMS-2,"BARC Farmgate, Dhaka",Dhaka,23.75941,90.388679,11,PM2.5,ug/m3,24 h,76.7,123.4,26.1,21.0,96.8
CAMS-3,"Darus-Salam, Dhaka",Dhaka,23.780775,90.35541,11,PM2.5,ug/m3,24 h,122.7,182.0,42.8,17.0,67.7
CAMS-4,Gazipur,Gazipur,23.994128,90.422315,11,PM2.5,ug/m3,24 h,171.7,272.6,109.4,30.0,96.8
CAMS-5,Narayanganj,Narayanganj,23.626079,90.5072,11,PM2.5,ug/m3,24 h,,,,,
CAMS-6,"TV Station, Chattogram",Chattogram,22.360487,91.800454,11,PM2.5,ug/m3,24 h,84.3,156.7,6.8,20.0,96.8
CAMS-7,"Agrabad, Chattogram",Chattogram,22.32302,91.802336,11,PM2.5,ug/m3,24 h,102.5,133.2,82.5,6.0,19.4
CAMS-10,Sylhet,Sylhet,24.888334,91.867347,11,PM2.5,ug/m3,24 h,37.9,71.2,18.5,2.0,96.8
CAMS-8,Khulna,Khulna,22.835775,89.529056,11,PM2.5,ug/m3,24 h,85.3,182.0,12.7,24.0,96.8
CAMS-9,Rajshahi,Rajshahi,24.38332,88.608007,11,PM2.5,ug/m3,24 h,103.8,157.3,15.3,24.0,96.8
CAMS-11,Barishal,Barishal,22.710287,90.362598,11,PM2.5,ug/m3,24 h,75.4,109.8,12.8,18.0,83.9
CAMS-14,Savar,Savar,23.953704,90.279794,11,PM2.5,ug/m3,24 h,59.7,127.6,11.2,10.0,87.1
CAMS-12,Mymensingh,Mymensingh,24.762458,90.402102,11,PM2.5,ug/m3,24 h,173.8,334.7,33.4,27.0,96.8
CAMS-13,Rangpur,Rangpur,25.747371,89.228931,11,PM2.5,ug/m3,24 h,126.2,229.7,22.2,24.0,90.3
CAMS-16,Cumilla,Cumilla,23.472988,91.180671,11,PM2.5,ug/m3,24 h,84.8,135.0,33.5,18.0,93.5
CAMS-15,Narsingdi,Narsingdi,23.932456,90.716598,11,PM2.5,ug/m3,24 h,84.0,158.8,37.4,14.0,77.4
CAMS-1,"DoE Agargaon, Dhaka",Dhaka,23.777394,90.372603,11,PM10,ug/m3,24 h,150.5,271.6,43.7,10.0,71.0
CAMS-2,"BARC Farmgate, Dhaka",Dhaka,23.75941,90.388679,11,PM10,ug/m3,24 h,81.2,135.5,17.0,0.0,96.8
CAMS-3,"Darus-Salam, Dhaka",Dhaka,23.780775,90.35541,11,PM10,ug/m3,24 h,139.1,199.3,72.6,5.0,45.2
CAMS-4,Gazipur,Gazipur,23.994128,90.422315,11,PM10,ug/m3,24 h,205.9,258.0,135.3,2.0,9.7
CAMS-5,Narayanganj,Narayanganj,23.626079,90.5072,11,PM10,ug/m3,24 h,,,,,
CAMS-6,"TV Station, Chattogram",Chattogram,22.360487,91.800454,11,PM10,ug/m3,24 h,,,,,
CAMS-7,"Agrabad, Chattogram",Chattogram,22.32302,91.802336,11,PM10,ug/m3,24 h,258.7,310.1,228.1,7.0,22.6
CAMS-10,Sylhet,Sylhet,24.888334,91.867347,11,PM10,ug/m3,24 h,93.3,146.3,46.4,0.0,96.8
CAMS-8,Khulna,Khulna,22.835775,89.529056,11,PM10,ug/m3,24 h,95.2,202.5,14.0,7.0,96.8
CAMS-9,Rajshahi,Rajshahi,24.38332,88.608007,11,PM10,ug/m3,24 h,190.3,279.7,32.0,18.0,74.2
CAMS-11,Barishal,Barishal,22.710287,90.362598,11,PM10,ug/m3,24 h,,,,,
CAMS-14,Savar,Savar,23.953704,90.279794,11,PM10,ug/m3,24 h,,,,,
CAMS-12,Mymensingh,Mymensingh,24.762458,90.402102,11,PM10,ug/m3,24 h,309.7,429.2,184.1,27.0,87.1
CAMS-13,Rangpur,Rangpur,25.747371,89.228931,11,PM10,ug/m3,24 h,80.2,133.1,13.1,0.0,90.3
CAMS-16,Cumilla,Cumilla,23.472988,91.180671,11,PM10,ug/m3,24 h,126.6,225.2,20.9,11.0,93.5
CAMS-15,Narsingdi,Narsingdi,23.932456,90.716598,11,PM10,ug/m3,24 h,81.7,141.9,35.0,0.0,96.8
CAMS-1,"DoE Agargaon, Dhaka",Dhaka,23.777394,90.372603,12,SO2,ppb,24 h,10.8,27.9,1.2,0.0,100.0
CAMS-2,"BARC Farmgate, Dhaka",Dhaka,23.75941,90.388679,12,SO2,ppb,24 h,11.5,41.8,1.1,1.0,64.5
CAMS-3,"Darus-Salam, Dhaka",Dhaka,23.780775,90.35541,12,SO2,ppb,24 h,,,,,
CAMS-4,Gazipur,Gazipur,23.994128,90.422315,12,SO2,ppb,24 h,7.3,8.6,6.6,0.0,100.0
CAMS-5,Narayanganj,Narayanganj,23.626079,90.5072,12,SO2,ppb,24 h,,,,,
CAMS-6,"TV Station, Chattogram",Chattogram,22.360487,91.800454,12,SO2,ppb,24 h,1.0,1.0,0.9,0.0,83.9
CAMS-7,"Agrabad, Chattogram",Chattogram,22.32302,91.802336,12,SO2,ppb,24 h,2.2,7.1,1.3,0.0,93.5
CAMS-10,Sylhet,Sylhet,24.888334,91.867347,12,SO2,ppb,24 h,1.2,1.3,1.1,0.0,100.0
CAMS-8,Khulna,Khulna,22.835775,89.529056,12,SO2,ppb,24 h,5.8,13.8,0.9,0.0,100.0
CAMS-9,Rajshahi,Rajshahi,24.38332,88.608007,12,SO2,ppb,24 h,3.0,6.4,0.8,0.0,100.0
CAMS-11,Barishal,Barishal,22.710287,90.362598,12,SO2,ppb,24 h,,,,,
CAMS-14,Savar,Savar,23.953704,90.279794,12,SO2,ppb,24 h,3.1,6.6,0.3,0.0,93.5
CAMS-12,Mymensingh,Mymensingh,24.762458,90.402102,12,SO2,ppb,24 h,2.4,14.1,0.6,0.0,100.0
CAMS-13,Rangpur,Rangpur,25.747371,89.228931,12,SO2,ppb,24 h,6.2,10.1,1.3,0.0,96.8
CAMS-16,Cumilla,Cumilla,23.472988,91.180671,12,SO2,ppb,24 h,15.9,52.6,0.5,9.0,100.0
CAMS-15,Narsingdi,Narsingdi,23.932456,90.716598,12,SO2,ppb,24 h,4.6,19.8,1.5,0.0,93.5
CAMS-1,"DoE Agargaon, Dhaka",Dhaka,23.777394,90.372603,12,NO2,ppb,24 h,34.1,55.0,12.5,8.0,100.0
CAMS-2,"BARC Farmgate, Dhaka",Dhaka,23.75941,90.388679,12,NO2,ppb,24 h,15.39,33.52,3.86,0.0,83.87
CAMS-3,"Darus-Salam, Dhaka",Dhaka,23.780775,90.35541,12,NO2,ppb,24 h,4.8,8.8,1.4,0.0,100.0
CAMS-4,Gazipur,Gazipur,23.994128,90.422315,12,NO2,ppb,24 h,,,,,
CAMS-5,Narayanganj,Narayanganj,23.626079,90.5072,12,NO2,ppb,24 h,,,,,
CAMS-6,"TV Station, Chattogram",Chattogram,22.360487,91.800454,12,NO2,ppb,24 h,,,,,
CAMS-7,"Agrabad, Chattogram",Chattogram,22.32302,91.802336,12,NO2,ppb,24 h,21.4,46.5,10.2,1.0,83.9
CAMS-10,Sylhet,Sylhet,24.888334,91.867347,12,NO2,ppb,24 h,24.1,24.1,24.1,0.0,100.0
CAMS-8,Khulna,Khulna,22.835775,89.529056,12,NO2,ppb,24 h,2.1,4.2,1.7,0.0,100.0
CAMS-9,Rajshahi,Rajshahi,24.38332,88.608007,12,NO2,ppb,24 h,3.1,6.9,2.8,0.0,100.0
CAMS-11,Barishal,Barishal,22.710287,90.362598,12,NO2,ppb,24 h,,,,,
CAMS-14,Savar,Savar,23.953704,90.279794,12,NO2,ppb,24 h,5.0,8.7,2.5,0.0,51.6
CAMS-12,Mymensingh,Mymensingh,24.762458,90.402102,12,NO2,ppb,24 h,3.2,3.3,2.9,0.0,100.0
CAMS-13,Rangpur,Rangpur,25.747371,89.228931,12,NO2,ppb,24 h,2.9,8.1,1.0,0.0,100.0
CAMS-16,Cumilla,Cumilla,23.472988,91.180671,12,NO2,ppb,24 h,1.6,3.0,0.9,0.0,93.5
CAMS-15,Narsingdi,Narsingdi,23.932456,90.716598,12,NO2,ppb,24 h,19.8,45.5,5.1,1.0,61.3
CAMS-1,"DoE Agargaon, Dhaka",Dhaka,23.777394,90.372603,12,CO,ppm,8 h,0.7,3.4,0.1,0.0,97.6
CAMS-2,"BARC Farmgate, Dhaka",Dhaka,23.75941,90.388679,12,CO,ppm,8 h,0.8,9.9,0.2,8.0,73.3
CAMS-3,"Darus-Salam, Dhaka",Dhaka,23.780775,90.35541,12,CO,ppm,8 h,,,,,
CAMS-4,Gazipur,Gazipur,23.994128,90.422315,12,CO,ppm,8 h,,,,,
CAMS-5,Narayanganj,Narayanganj,23.626079,90.5072,12,CO,ppm,8 h,0.7,1.2,0.5,0.0,99.1
CAMS-6,"TV Station, Chattogram",Chattogram,22.360487,91.800454,12,CO,ppm,8 h,4.3,13.6,2.2,268.0,98.5
CAMS-7,"Agrabad, Chattogram",Chattogram,22.32302,91.802336,12,CO,ppm,8 h,1.4,4.6,0.8,1.0,84.4
CAMS-10,Sylhet,Sylhet,24.888334,91.867347,12,CO,ppm,8 h,,,,,
CAMS-8,Khulna,Khulna,22.835775,89.529056,12,CO,ppm,8 h,1.3,3.5,0.1,0.0,92.7
CAMS-9,Rajshahi,Rajshahi,24.38332,88.608007,12,CO,ppm,8 h,0.9,1.3,0.6,0.0,99.1
CAMS-11,Barishal,Barishal,22.710287,90.362598,12,CO,ppm,8 h,,,,,
CAMS-14,Savar,Savar,23.953704,90.279794,12,CO,ppm,8 h,0.8,1.4,0.2,0.0,82.5
CAMS-12,Mymensingh,Mymensingh,24.762458,90.402102,12,CO,ppm,8 h,1.0,1.9,0.5,0.0,99.1
CAMS-13,Rangpur,Rangpur,25.747371,89.228931,12,CO,ppm,8 h,1.4,9.1,0.2,29.0,100.0
CAMS-16,Cumilla,Cumilla,23.472988,91.180671,12,CO,ppm,8 h,1.2,4.1,0.1,1.0,98.8
CAMS-15,Narsingdi,Narsingdi,23.932456,90.716598,12,CO,ppm,8 h,1.6,5.0,1.1,7.0,91.1
CAMS-1,"DoE Agargaon, Dhaka",Dhaka,23.777394,90.372603,12,O3,ppb,8 h,15.4,46.0,0.2,0.0,100.0
CAMS-2,"BARC Farmgate, Dhaka",Dhaka,23.75941,90.388679,12,O3,ppb,8 h,23.8,169.5,2.0,83.0,74.7
CAMS-3,"Darus-Salam, Dhaka",Dhaka,23.780775,90.35541,12,O3,ppb,8 h,,,,,
CAMS-4,Gazipur,Gazipur,23.994128,90.422315,12,O3,ppb,8 h,7.7,8.3,7.0,0.0,71.5
CAMS-5,Narayanganj,Narayanganj,23.626079,90.5072,12,O3,ppb,8 h,5.6,36.3,0.2,0.0,61.3
CAMS-6,"TV Station, Chattogram",Chattogram,22.360487,91.800454,12,O3,ppb,8 h,5.6,14.1,2.4,0.0,96.9
CAMS-7,"Agrabad, Chattogram",Chattogram,22.32302,91.802336,12,O3,ppb,8 h,11.2,49.0,2.6,0.0,89.5
CAMS-10,Sylhet,Sylhet,24.888334,91.867347,12,O3,ppb,8 h,0.4,0.5,0.3,0.0,64.0
CAMS-8,Khulna,Khulna,22.835775,89.529056,12,O3,ppb,8 h,9.3,25.7,1.4,0.0,98.9
CAMS-9,Rajshahi,Rajshahi,24.38332,88.608007,12,O3,ppb,8 h,1.7,5.3,0.1,0.0,99.1
CAMS-11,Barishal,Barishal,22.710287,90.362598,12,O3,ppb,8 h,21.06,66.62,0.68,30.0,94.89
CAMS-14,Savar,Savar,23.953704,90.279794,12,O3,ppb,8 h,9.6,46.8,1.2,0.0,88.8
CAMS-12,Mymensingh,Mymensingh,24.762458,90.402102,12,O3,ppb,8 h,6.5,40.9,0.1,0.0,92.7
CAMS-13,Rangpur,Rangpur,25.747371,89.228931,12,O3,ppb,8 h,4.8,30.3,0.2,0.0,98.8
CAMS-16,Cumilla,Cumilla,23.472988,91.180671,12,O3,ppb,8 h,10.9,46.1,0.3,0.0,98.1
CAMS-15,Narsingdi,Narsingdi,23.932456,90.716598,12,O3,ppb,8 h,48.2,110.1,0.3,271.0,83.2
CAMS-1,"DoE Agargaon, Dhaka",Dhaka,23.777394,90.372603,12,PM2.5,ug/m3,24 h,114.1,156.2,51.6,30.0,100.0
CAMS-2,"BARC Farmgate, Dhaka",Dhaka,23.75941,90.388679,12,PM2.5,ug/m3,24 h,70.0,159.9,20.1,16.0,80.6
CAMS-3,"Darus-Salam, Dhaka",Dhaka,23.780775,90.35541,12,PM2.5,ug/m3,24 h,209.6,364.3,85.2,13.0,41.9
CAMS-4,Gazipur,Gazipur,23.994128,90.422315,12,PM2.5,ug/m3,24 h,149.8,229.7,70.7,9.0,29.0
CAMS-5,Narayanganj,Narayanganj,23.626079,90.5072,12,PM2.5,ug/m3,24 h,242.5,387.0,173.2,31.0,100.0
CAMS-6,"TV Station, Chattogram",Chattogram,22.360487,91.800454,12,PM2.5,ug/m3,24 h,119.4,271.3,61.4,28.0,100.0
CAMS-7,"Agrabad, Chattogram",Chattogram,22.32302,91.802336,12,PM2.5,ug/m3,24 h,104.6,189.0,64.9,24.0,80.6
CAMS-10,Sylhet,Sylhet,24.888334,91.867347,12,PM2.5,ug/m3,24 h,53.0,106.6,28.5,5.0,96.8
CAMS-8,Khulna,Khulna,22.835775,89.529056,12,PM2.5,ug/m3,24 h,146.2,284.6,75.7,31.0,100.0
CAMS-9,Rajshahi,Rajshahi,24.38332,88.608007,12,PM2.5,ug/m3,24 h,138.2,195.1,74.3,31.0,100.0
CAMS-11,Barishal,Barishal,22.710287,90.362598,12,PM2.5,ug/m3,24 h,129.2,191.3,42.5,26.0,90.3
CAMS-14,Savar,Savar,23.953704,90.279794,12,PM2.5,ug/m3,24 h,107.2,171.2,34.7,25.0,93.5
CAMS-12,Mymensingh,Mymensingh,24.762458,90.402102,12,PM2.5,ug/m3,24 h,118.8,148.9,61.5,30.0,100.0
CAMS-13,Rangpur,Rangpur,25.747371,89.228931,12,PM2.5,ug/m3,24 h,154.7,283.1,44.7,28.0,100.0
CAMS-16,Cumilla,Cumilla,23.472988,91.180671,12,PM2.5,ug/m3,24 h,122.1,188.0,58.1,30.0,100.0
CAMS-15,Narsingdi,Narsingdi,23.932456,90.716598,12,PM2.5,ug/m3,24 h,100.9,161.0,44.4,22.0,90.3
CAMS-1,"DoE Agargaon, Dhaka",Dhaka,23.777394,90.372603,12,PM10,ug/m3,24 h,194.2,269.4,83.7,27.0,100.0
CAMS-2,"BARC Farmgate, Dhaka",Dhaka,23.75941,90.388679,12,PM10,ug/m3,24 h,123.9,276.8,19.8,3.0,51.6
CAMS-3,"Darus-Salam, Dhaka",Dhaka,23.780775,90.35541,12,PM10,ug/m3,24 h,183.9,313.4,53.6,8.0,38.7
CAMS-4,Gazipur,Gazipur,23.994128,90.422315,12,PM10,ug/m3,24 h,190.7,311.3,98.7,2.0,12.9
CAMS-5,Narayanganj,Narayanganj,23.626079,90.5072,12,PM10,ug/m3,24 h,,,,,
CAMS-6,"TV Station, Chattogram",Chattogram,22.360487,91.800454,12,PM10,ug/m3,24 h,,,,,
CAMS-7,"Agrabad, Chattogram",Chattogram,22.32302,91.802336,12,PM10,ug/m3,24 h,222.2,475.8,123.8,24.0,87.1
CAMS-10,Sylhet,Sylhet,24.888334,91.867347,12,PM10,ug/m3,24 h,124.9,202.3,74.2,6.0,100.0
CAMS-8,Khulna,Khulna,22.835775,89.529056,12,PM10,ug/m3,24 h,166.7,251.2,53.3,22.0,100.0
CAMS-9,Rajshahi,Rajshahi,24.38332,88.608007,12,PM10,ug/m3,24 h,290.6,461.0,144.8,20.0,67.7
CAMS-11,Barishal,Barishal,22.710287,90.362598,12,PM10,ug/m3,24 h,,,,,
CAMS-14,Savar,Savar,23.953704,90.279794,12,PM10,ug/m3,24 h,,,,,
CAMS-12,Mymensingh,Mymensingh,24.762458,90.402102,12,PM10,ug/m3,24 h,227.5,320.2,123.8,18.0,67.7
CAMS-13,Rangpur,Rangpur,25.747371,89.228931,12,PM10,ug/m3,24 h,130.6,284.7,80.3,9.0,100.0
CAMS-16,Cumilla,Cumilla,23.472988,91.180671,12,PM10,ug/m3,24 h,186.5,248.7,128.4,12.0,45.2
CAMS-15,Narsingdi,Narsingdi,23.932456,90.716598,12,PM10,ug/m3,24 h,162.5,235.1,82.3,17.0,93.5
