system:index,date,mean_value,variable,.geo
0,2025-01-01,-0.03631305392369961,UVAI,"{""type"":""MultiPoint"",""coordinates"":[]}"
1,2025-01-02,-0.28159083347253605,UVAI,"{""type"":""MultiPoint"",""coordinates"":[]}"
2,2025-01-03,-0.5877891070203782,UVAI,"{""type"":""MultiPoint"",""coordinates"":[]}"
3,2025-01-04,-0.36140971371091485,UVAI,"{""type"":""MultiPoint"",""coordinates"":[]}"
4,2025-01-05,0.11492570646717837,UVAI,"{""type"":""MultiPoint"",""coordinates"":[]}"
5,2025-01-06,0.10357191518340178,UVAI,"{""type"":""MultiPoint"",""coordinates"":[]}"
6,2025-01-07,-0.20648262280128007,UVAI,"{""type"":""MultiPoint"",""coordinates"":[]}"
7,2025-01-08,-0.5194040401189379,UVAI,"{""type"":""MultiPoint"",""coordinates"":[]}"
8,2025-01-09,-0.640519255121677,UVAI,"{""type"":""MultiPoint"",""coordinates"":[]}"
9,2025-01-10,0.052874238795271304,UVAI,"{""type"":""MultiPoint"",""coordinates"":[]}"
10,2025-01-11,0.22727960303952116,UVAI,"{""type"":""MultiPoint"",""coordinates"":[]}"
11,2025-01-12,-0.15102628427726641,UVAI,"{""type"":""MultiPoint"",""coordinates"":[]}"
12,2025-01-13,-0.39682375837749145,UVAI,"{""type"":""MultiPoint"",""coordinates"":[]}"
13,2025-01-14,-0.5939033268338171,UVAI,"{""type"":""MultiPoint"",""coordinates"":[]}"
14,2025-01-15,-0.3563282353535326,UVAI,"{""type"":""MultiPoint"",""coordinates"":[]}"
15,2025-01-16,0.27198308789320425,UVAI,"{""type"":""MultiPoint"",""coordinates"":[]}"
16,2025-01-17,-0.04090179957819201,UVAI,"{""type"":""MultiPoint"",""coordinates"":[]}"
17,2025-01-18,-0.43682565396962103,UVAI,"{""type"":""MultiPoint"",""coordinates"":[]}"
18,2025-01-19,-0.5888066272584759,UVAI,"{""type"":""MultiPoint"",""coordinates"":[]}"
19,2025-01-20,-0.33474641519398357,UVAI,"{""type"":""MultiPoint"",""coordinates"":[]}"
20,2025-01-21,0.4593360185982345,UVAI,"{""type"":""MultiPoint"",""coordinates"":[]}"
21,2025-01-22,0.016702672386396358,UVAI,"{""type"":""MultiPoint"",""coordinates"":[]}"
22,2025-01-23,-0.33068262181967334,UVAI,"{""type"":""MultiPoint"",""coordinates"":[]}"
23,2025-01-24,-0.609844740769231,UVAI,"{""type"":""MultiPoint"",""coordinates"":[]}"
24,2025-01-25,-0.6424801780834705,UVAI,"{""type"":""MultiPoint"",""coordinates"":[]}"
25,2025-01-26,0.12273213697207466,UVAI,"{""type"":""MultiPoint"",""coordinates"":[]}"
26,2025-01-27,0.37487259642049875,UVAI,"{""type"":""MultiPoint"",""coordinates"":[]}"
27,2025-01-28,-0.15114548038886552,UVAI,"{""type"":""MultiPoint"",""coordinates"":[]}"
28,2025-01-29,-0.5259647968562384,UVAI,"{""type"":""MultiPoint"",""coordinates"":[]}"
29,2025-01-30,-0.7426477000271551,UVAI,"{""type"":""MultiPoint"",""coordinates"":[]}"
30,2025-01-31,-0.17446769527325523,UVAI,"{""type"":""MultiPoint"",""coordinates"":[]}"
31,2025-02-01,0.47577261408104043,UVAI,"{""type"":""MultiPoint"",""coordinates"":[]}"
32,2025-02-02,0.002523241932459853,UVAI,"{""type"":""MultiPoint"",""coordinates"":[]}"
33,2025-02-03,-0.4287181094051574,UVAI,"{""type"":""MultiPoint"",""coordinates"":[]}"
34,2025-02-04,-0.5327665912659448,UVAI,"{""type"":""MultiPoint"",""coordinates"":[]}"
35,2025-02-05,-0.27649791421087916,UVAI,"{""type"":""MultiPoint"",""coordinates"":[]}"
36,2025-02-06,0.326137135273248,UVAI,"{""type"":""MultiPoint"",""coordinates"":[]}"
37,2025-02-07,0.021562713705795846,UVAI,"{""type"":""MultiPoint"",""coordinates"":[]}"
38,2025-02-08,-0.29470706138302155,UVAI,"{""type"":""MultiPoint"",""coordinates"":[]}"
39,2025-02-09,-0.5251550025139708,UVAI,"{""type"":""MultiPoint"",""coordinates"":[]}"
40,2025-02-10,-0.46123771226892996,UVAI,"{""type"":""MultiPoint"",""coordinates"":[]}"
41,2025-02-11,0.13967626741418934,UVAI,"{""type"":""MultiPoint"",""coordinates"":[]}"
42,2025-02-12,0.4575161839458545,UVAI,"{""type"":""MultiPoint"",""coordinates"":[]}"
43,2025-02-13,-0.09948136393073387,UVAI,"{""type"":""MultiPoint"",""coordinates"":[]}"
44,2025-02-14,-0.2248563091889324,UVAI,"{""type"":""MultiPoint"",""coordinates"":[]}"
45,2025-02-15,-0.2646809426570394,UVAI,"{""type"":""MultiPoint"",""coordinates"":[]}"
46,2025-02-16,0.09069835613473161,UVAI,"{""type"":""MultiPoint"",""coordinates"":[]}"
47,2025-02-17,0.5292290808471088,UVAI,"{""type"":""MultiPoint"",""coordinates"":[]}"
48,2025-02-18,0.024158993313068065,UVAI,"{""type"":""MultiPoint"",""coordinates"":[]}"
49,2025-02-19,-0.518992259588581,UVAI,"{""type"":""MultiPoint"",""coordinates"":[]}"
50,2025-02-20,-0.7866446950122191,UVAI,"{""type"":""MultiPoint"",""coordinates"":[]}"
51,2025-02-21,-0.5666429015532183,UVAI,"{""type"":""MultiPoint"",""coordinates"":[]}"
52,2025-02-22,0.05284620430607286,UVAI,"{""type"":""MultiPoint"",""coordinates"":[]}"
53,2025-02-23,-0.0417085673636723,UVAI,"{""type"":""MultiPoint"",""coordinates"":[]}"
54,2025-02-24,-0.5841453804826597,UVAI,"{""type"":""MultiPoint"",""coordinates"":[]}"
55,2025-02-25,-0.6272949176210147,UVAI,"{""type"":""MultiPoint"",""coordinates"":[]}"
56,2025-02-26,-0.5501773275841129,UVAI,"{""type"":""MultiPoint"",""coordinates"":[]}"
57,2025-02-27,0.25813921305042853,UVAI,"{""type"":""MultiPoint"",""coordinates"":[]}"
58,2025-02-28,0.8154261117597925,UVAI,"{""type"":""MultiPoint"",""coordinates"":[]}"
59,2025-03-01,-0.039732085653096286,UVAI,"{""type"":""MultiPoint"",""coordinates"":[]}"
60,2025-03-02,-0.3757330612281582,UVAI,"{""type"":""MultiPoint"",""coordinates"":[]}"
61,2025-03-03,-0.5792949841033215,UVAI,"{""type"":""MultiPoint"",""coordinates"":[]}"
62,2025-03-04,-0.17465624462028043,UVAI,"{""type"":""MultiPoint"",""coordinates"":[]}"
63,2025-03-05,0.6393504093643518,UVAI,"{""type"":""MultiPoint"",""coordinates"":[]}"
64,2025-03-06,0.41697695057584244,UVAI,"{""type"":""MultiPoint"",""coordinates"":[]}"
65,2025-03-07,0.01955128791526236,UVAI,"{""type"":""MultiPoint"",""coordinates"":[]}"
66,2025-03-08,-0.34402100844090994,UVAI,"{""type"":""MultiPoint"",""coordinates"":[]}"
67,2025-03-09,-0.4377183600943003,UVAI,"{""type"":""MultiPoint"",""coordinates"":[]}"
68,2025-03-10,0.2913708798066227,UVAI,"{""type"":""MultiPoint"",""coordinates"":[]}"
69,2025-03-11,0.2009784932968363,UVAI,"{""type"":""MultiPoint"",""coordinates"":[]}"
70,2025-03-12,-0.08370355769592319,UVAI,"{""type"":""MultiPoint"",""coordinates"":[]}"
71,2025-03-13,-0.4303126371936542,UVAI,"{""type"":""MultiPoint"",""coordinates"":[]}"
72,2025-03-14,-0.13882604177665434,UVAI,"{""type"":""MultiPoint"",""coordinates"":[]}"
73,2025-03-15,0.18072151831030103,UVAI,"{""type"":""MultiPoint"",""coordinates"":[]}"
74,2025-03-16,0.5076225750316289,UVAI,"{""type"":""MultiPoint"",""coordinates"":[]}"
75,2025-03-17,0.07976963841149014,UVAI,"{""type"":""MultiPoint"",""coordinates"":[]}"
76,2025-03-18,0.0042305965937450805,UVAI,"{""type"":""MultiPoint"",""coordinates"":[]}"
77,2025-03-19,-0.5207093294259888,UVAI,"{""type"":""MultiPoint"",""coordinates"":[]}"
78,2025-03-20,-0.4790867986154309,UVAI,"{""type"":""MultiPoint"",""coordinates"":[]}"
79,2025-03-21,-0.22156052801487025,UVAI,"{""type"":""MultiPoint"",""coordinates"":[]}"
80,2025-03-22,-0.2665693669766562,UVAI,"{""type"":""MultiPoint"",""coordinates"":[]}"
81,2025-03-23,-0.5686139593823011,UVAI,"{""type"":""MultiPoint"",""coordinates"":[]}"
82,2025-03-24,-0.7203730217564202,UVAI,"{""type"":""MultiPoint"",""coordinates"":[]}"
83,2025-03-25,-0.4518291890804863,UVAI,"{""type"":""MultiPoint"",""coordinates"":[]}"
84,2025-03-26,0.28116924890848743,UVAI,"{""type"":""MultiPoint"",""coordinates"":[]}"
85,2025-03-27,0.35388596643090503,UVAI,"{""type"":""MultiPoint"",""coordinates"":[]}"
86,2025-03-28,0.23858454572919588,UVAI,"{""type"":""MultiPoint"",""coordinates"":[]}"
87,2025-03-29,-0.15597863413625923,UVAI,"{""type"":""MultiPoint"",""coordinates"":[]}"
88,2025-03-30,-0.2182456587590513,UVAI,"{""type"":""MultiPoint"",""coordinates"":[]}"
89,2025-03-31,0.23716039426228502,UVAI,"{""type"":""MultiPoint"",""coordinates"":[]}"
90,2025-04-01,0.596498302108043,UVAI,"{""type"":""MultiPoint"",""coordinates"":[]}"
91,2025-04-02,0.3871671388441612,UVAI,"{""type"":""MultiPoint"",""coordinates"":[]}"
92,2025-04-03,-0.10127630679228193,UVAI,"{""type"":""MultiPoint"",""coordinates"":[]}"
93,2025-04-04,-0.8888675612313242,UVAI,"{""type"":""MultiPoint"",""coordinates"":[]}"
94,2025-04-05,-0.26086754974732046,UVAI,"{""type"":""MultiPoint"",""coordinates"":[]}"
95,2025-04-06,0.9470092826793866,UVAI,"{""type"":""MultiPoint"",""coordinates"":[]}"
96,2025-04-07,0.5351944014942661,UVAI,"{""type"":""MultiPoint"",""coordinates"":[]}"
97,2025-04-08,-0.11785630003950454,UVAI,"{""type"":""MultiPoint"",""coordinates"":[]}"
98,2025-04-09,-0.6470473697217881,UVAI,"{""type"":""MultiPoint"",""coordinates"":[]}"
99,2025-04-10,-1.2299500096503113,UVAI,"{""type"":""MultiPoint"",""coordinates"":[]}"
100,2025-04-11,-0.5729199302321718,UVAI,"{""type"":""MultiPoint"",""coordinates"":[]}"
101,2025-04-12,0.4191279150235254,UVAI,"{""type"":""MultiPoint"",""coordinates"":[]}"
102,2025-04-13,-0.0823070814136124,UVAI,"{""type"":""MultiPoint"",""coordinates"":[]}"
103,2025-04-14,-0.7090984006239031,UVAI,"{""type"":""MultiPoint"",""coordinates"":[]}"
104,2025-04-15,-1.1470854275094133,UVAI,"{""type"":""MultiPoint"",""coordinates"":[]}"
105,2025-04-16,-1.114020849986683,UVAI,"{""type"":""MultiPoint"",""coordinates"":[]}"
106,2025-04-17,-0.12481920665642524,UVAI,"{""type"":""MultiPoint"",""coordinates"":[]}"
107,2025-04-18,-0.4265926937853171,UVAI,"{""type"":""MultiPoint"",""coordinates"":[]}"
108,2025-04-19,-0.7122977665676357,UVAI,"{""type"":""MultiPoint"",""coordinates"":[]}"
109,2025-04-20,-0.8755068120149195,UVAI,"{""type"":""MultiPoint"",""coordinates"":[]}"
110,2025-04-21,-1.024634897347964,UVAI,"{""type"":""MultiPoint"",""coordinates"":[]}"
111,2025-04-22,0.4904184457461406,UVAI,"{""type"":""MultiPoint"",""coordinates"":[]}"
112,2025-04-23,0.6997242852450427,UVAI,"{""type"":""MultiPoint"",""coordinates"":[]}"
113,2025-04-24,0.5788943108382149,UVAI,"{""type"":""MultiPoint"",""coordinates"":[]}"
114,2025-04-25,0.25862154233754187,UVAI,"{""type"":""MultiPoint"",""coordinates"":[]}"
115,2025-04-26,0.2996528007013892,UVAI,"{""type"":""MultiPoint"",""coordinates"":[]}"
116,2025-04-27,-0.38904305475973805,UVAI,"{""type"":""MultiPoint"",""coordinates"":[]}"
117,2025-04-28,0.12937104536802815,UVAI,"{""type"":""MultiPoint"",""coordinates"":[]}"
118,2025-04-29,-0.142980929623523,UVAI,"{""type"":""MultiPoint"",""coordinates"":[]}"
119,2025-04-30,-0.8701055560503035,UVAI,"{""type"":""MultiPoint"",""coordinates"":[]}"
120,2025-05-01,-1.031968784933877,UVAI,"{""type"":""MultiPoint"",""coordinates"":[]}"
121,2025-05-02,-0.8639739641820682,UVAI,"{""type"":""MultiPoint"",""coordinates"":[]}"
122,2025-05-03,0.19153943867613546,UVAI,"{""type"":""MultiPoint"",""coordinates"":[]}"
123,2025-05-04,-0.28589774478580765,UVAI,"{""type"":""MultiPoint"",""coordinates"":[]}"
124,2025-05-05,-0.6299744231379908,UVAI,"{""type"":""MultiPoint"",""coordinates"":[]}"
125,2025-05-06,-1.016168928703697,UVAI,"{""type"":""MultiPoint"",""coordinates"":[]}"
126,2025-05-07,-1.024840448020186,UVAI,"{""type"":""MultiPoint"",""coordinates"":[]}"
127,2025-05-08,-0.14476272187235145,UVAI,"{""type"":""MultiPoint"",""coordinates"":[]}"
128,2025-05-09,-0.1811690867624908,UVAI,"{""type"":""MultiPoint"",""coordinates"":[]}"
129,2025-05-10,-0.4661740089847656,UVAI,"{""type"":""MultiPoint"",""coordinates"":[]}"
130,2025-05-11,-1.0564410218176576,UVAI,"{""type"":""MultiPoint"",""coordinates"":[]}"
131,2025-05-12,-1.1545853086198998,UVAI,"{""type"":""MultiPoint"",""coordinates"":[]}"
132,2025-05-13,-0.6329639002626348,UVAI,"{""type"":""MultiPoint"",""coordinates"":[]}"
133,2025-05-14,0.24544570563533044,UVAI,"{""type"":""MultiPoint"",""coordinates"":[]}"
134,2025-05-15,0.022770422334438423,UVAI,"{""type"":""MultiPoint"",""coordinates"":[]}"
135,2025-05-16,-0.28135232322232906,UVAI,"{""type"":""MultiPoint"",""coordinates"":[]}"
136,2025-05-17,-0.5505210857268161,UVAI,"{""type"":""MultiPoint"",""coordinates"":[]}"
137,2025-05-18,-0.7838607974406463,UVAI,"{""type"":""MultiPoint"",""coordinates"":[]}"
138,2025-05-19,0.08825711457048126,UVAI,"{""type"":""MultiPoint"",""coordinates"":[]}"
139,2025-05-20,-0.014618006935063295,UVAI,"{""type"":""MultiPoint"",""coordinates"":[]}"
140,2025-05-21,-0.2219324087054711,UVAI,"{""type"":""MultiPoint"",""coordinates"":[]}"
141,2025-05-22,-1.0272631362185873,UVAI,"{""type"":""MultiPoint"",""coordinates"":[]}"
142,2025-05-23,-1.3049742451131348,UVAI,"{""type"":""MultiPoint"",""coordinates"":[]}"
143,2025-05-24,-0.7669599047335767,UVAI,"{""type"":""MultiPoint"",""coordinates"":[]}"
144,2025-05-25,-0.22281404237376942,UVAI,"{""type"":""MultiPoint"",""coordinates"":[]}"
145,2025-05-26,-0.5442401294418264,UVAI,"{""type"":""MultiPoint"",""coordinates"":[]}"
146,2025-05-27,-0.46560940155736646,UVAI,"{""type"":""MultiPoint"",""coordinates"":[]}"
147,2025-05-28,-1.4051651183761764,UVAI,"{""type"":""MultiPoint"",""coordinates"":[]}"
148,2025-05-29,-1.1943699216469357,UVAI,"{""type"":""MultiPoint"",""coordinates"":[]}"
149,2025-05-30,-0.16717354058388548,UVAI,"{""type"":""MultiPoint"",""coordinates"":[]}"
150,2025-05-31,-0.45489069930029613,UVAI,"{""type"":""MultiPoint"",""coordinates"":[]}"
151,2025-06-01,-0.6181316574368655,UVAI,"{""type"":""MultiPoint"",""coordinates"":[]}"
152,2025-06-02,-0.6325618068573673,UVAI,"{""type"":""MultiPoint"",""coordinates"":[]}"
153,2025-06-03,-0.6785648957755674,UVAI,"{""type"":""MultiPoint"",""coordinates"":[]}"
154,2025-06-04,-0.1659144379415958,UVAI,"{""type"":""MultiPoint"",""coordinates"":[]}"
155,2025-06-05,-0.4218302103292322,UVAI,"{""type"":""MultiPoint"",""coordinates"":[]}"
156,2025-06-06,-0.8213659781533337,UVAI,"{""type"":""MultiPoint"",""coordinates"":[]}"
157,2025-06-07,-1.1293029961938286,UVAI,"{""type"":""MultiPoint"",""coordinates"":[]}"
158,2025-06-08,-1.0421938886855107,UVAI,"{""type"":""MultiPoint"",""coordinates"":[]}"
159,2025-06-09,-0.30929922566975887,UVAI,"{""type"":""MultiPoint"",""coordinates"":[]}"
160,2025-06-10,-0.4415866149766073,UVAI,"{""type"":""MultiPoint"",""coordinates"":[]}"
161,2025-06-11,-0.524480903505877,UVAI,"{""type"":""MultiPoint"",""coordinates"":[]}"
162,2025-06-12,-0.8119959715191778,UVAI,"{""type"":""MultiPoint"",""coordinates"":[]}"
163,2025-06-13,-1.1064418110145993,UVAI,"{""type"":""MultiPoint"",""coordinates"":[]}"
164,2025-06-14,-1.0646101171233984,UVAI,"{""type"":""MultiPoint"",""coordinates"":[]}"
165,2025-06-15,-0.12843330096679634,UVAI,"{""type"":""MultiPoint"",""coordinates"":[]}"
166,2025-06-16,-0.5040913892176891,UVAI,"{""type"":""MultiPoint"",""coordinates"":[]}"
167,2025-06-17,-0.7594184887755231,UVAI,"{""type"":""MultiPoint"",""coordinates"":[]}"
168,2025-06-18,-1.0260535393603265,UVAI,"{""type"":""MultiPoint"",""coordinates"":[]}"
169,2025-06-19,-1.2835582908093346,UVAI,"{""type"":""MultiPoint"",""coordinates"":[]}"
170,2025-06-20,-0.39284769365389266,UVAI,"{""type"":""MultiPoint"",""coordinates"":[]}"
171,2025-06-21,-0.5165613582998031,UVAI,"{""type"":""MultiPoint"",""coordinates"":[]}"
172,2025-06-22,-0.8270502974541386,UVAI,"{""type"":""MultiPoint"",""coordinates"":[]}"
173,2025-06-23,-1.296977727276926,UVAI,"{""type"":""MultiPoint"",""coordinates"":[]}"
174,2025-06-24,-1.5213287035730911,UVAI,"{""type"":""MultiPoint"",""coordinates"":[]}"
175,2025-06-25,-0.7391120044814775,UVAI,"{""type"":""MultiPoint"",""coordinates"":[]}"
176,2025-06-26,-0.33570918733067107,UVAI,"{""type"":""MultiPoint"",""coordinates"":[]}"
177,2025-06-27,-0.6762955838803165,UVAI,"{""type"":""MultiPoint"",""coordinates"":[]}"
178,2025-06-28,-0.9007881844065586,UVAI,"{""type"":""MultiPoint"",""coordinates"":[]}"
179,2025-06-29,-1.3374600583428127,UVAI,"{""type"":""MultiPoint"",""coordinates"":[]}"
180,2025-06-30,-1.1070354910832798,UVAI,"{""type"":""MultiPoint"",""coordinates"":[]}"
181,2025-07-01,-0.12342261794791298,UVAI,"{""type"":""MultiPoint"",""coordinates"":[]}"
182,2025-07-02,-0.5356006326175202,UVAI,"{""type"":""MultiPoint"",""coordinates"":[]}"
183,2025-07-03,-0.9481312186997425,UVAI,"{""type"":""MultiPoint"",""coordinates"":[]}"
184,2025-07-04,-1.222088292538525,UVAI,"{""type"":""MultiPoint"",""coordinates"":[]}"
185,2025-07-05,-1.3427331232108395,UVAI,"{""type"":""MultiPoint"",""coordinates"":[]}"
186,2025-07-06,-0.27481530133178234,UVAI,"{""type"":""MultiPoint"",""coordinates"":[]}"
187,2025-07-07,-0.42798827839483966,UVAI,"{""type"":""MultiPoint"",""coordinates"":[]}"
188,2025-07-08,-0.5062248229784004,UVAI,"{""type"":""MultiPoint"",""coordinates"":[]}"
189,2025-07-09,-0.7061324087735246,UVAI,"{""type"":""MultiPoint"",""coordinates"":[]}"
190,2025-07-10,-1.2588915632132707,UVAI,"{""type"":""MultiPoint"",""coordinates"":[]}"
191,2025-07-11,-0.4382917339860128,UVAI,"{""type"":""MultiPoint"",""coordinates"":[]}"
192,2025-07-12,-0.3173630621276062,UVAI,"{""type"":""MultiPoint"",""coordinates"":[]}"
193,2025-07-13,-0.45713558681134153,UVAI,"{""type"":""MultiPoint"",""coordinates"":[]}"
194,2025-07-14,-0.916469858354091,UVAI,"{""type"":""MultiPoint"",""coordinates"":[]}"
195,2025-07-15,-1.3275608359660427,UVAI,"{""type"":""MultiPoint"",""coordinates"":[]}"
196,2025-07-16,-1.2821728661595746,UVAI,"{""type"":""MultiPoint"",""coordinates"":[]}"
197,2025-07-17,-0.22525926576105446,UVAI,"{""type"":""MultiPoint"",""coordinates"":[]}"
198,2025-07-18,-0.6789862321853235,UVAI,"{""type"":""MultiPoint"",""coordinates"":[]}"
199,2025-07-19,-1.0757447019436552,UVAI,"{""type"":""MultiPoint"",""coordinates"":[]}"
200,2025-07-20,-1.2245439717833562,UVAI,"{""type"":""MultiPoint"",""coordinates"":[]}"
201,2025-07-21,-1.2645643967325697,UVAI,"{""type"":""MultiPoint"",""coordinates"":[]}"
202,2025-07-22,-0.14252096708144038,UVAI,"{""type"":""MultiPoint"",""coordinates"":[]}"
203,2025-07-23,-0.5715306617085538,UVAI,"{""type"":""MultiPoint"",""coordinates"":[]}"
204,2025-07-24,-0.8122596714729056,UVAI,"{""type"":""MultiPoint"",""coordinates"":[]}"
205,2025-07-25,-0.6260732207467168,UVAI,"{""type"":""MultiPoint"",""coordinates"":[]}"
206,2025-07-26,-1.4887850010466885,UVAI,"{""type"":""MultiPoint"",""coordinates"":[]}"
207,2025-07-27,-0.8258252699975612,UVAI,"{""type"":""MultiPoint"",""coordinates"":[]}"
208,2025-07-28,-0.28483794566749365,UVAI,"{""type"":""MultiPoint"",""coordinates"":[]}"
209,2025-07-29,-0.4974502279041911,UVAI,"{""type"":""MultiPoint"",""coordinates"":[]}"
210,2025-07-30,-0.800693055362355,UVAI,"{""type"":""MultiPoint"",""coordinates"":[]}"
211,2025-07-31,-1.278325798223835,UVAI,"{""type"":""MultiPoint"",""coordinates"":[]}"
212,2025-08-01,-1.2644390609577403,UVAI,"{""type"":""MultiPoint"",""coordinates"":[]}"
213,2025-08-02,-0.18579668182511286,UVAI,"{""type"":""MultiPoint"",""coordinates"":[]}"
214,2025-08-03,-0.43544209949667806,UVAI,"{""type"":""MultiPoint"",""coordinates"":[]}"
215,2025-08-04,-0.7653326227129302,UVAI,"{""type"":""MultiPoint"",""coordinates"":[]}"
216,2025-08-05,-1.2627793390263524,UVAI,"{""type"":""MultiPoint"",""coordinates"":[]}"
217,2025-08-06,-1.378265486741242,UVAI,"{""type"":""MultiPoint"",""coordinates"":[]}"
218,2025-08-07,-0.27804016872118226,UVAI,"{""type"":""MultiPoint"",""coordinates"":[]}"
219,2025-08-08,-0.35926184463639765,UVAI,"{""type"":""MultiPoint"",""coordinates"":[]}"
220,2025-08-09,-0.8997283249100988,UVAI,"{""type"":""MultiPoint"",""coordinates"":[]}"
221,2025-08-10,-1.294467549720591,UVAI,"{""type"":""MultiPoint"",""coordinates"":[]}"
222,2025-08-11,-1.5323649931155412,UVAI,"{""type"":""MultiPoint"",""coordinates"":[]}"
223,2025-08-12,-0.8823557658475569,UVAI,"{""type"":""MultiPoint"",""coordinates"":[]}"
224,2025-08-13,-0.275909936408517,UVAI,"{""type"":""MultiPoint"",""coordinates"":[]}"
225,2025-08-14,-0.6449480773740841,UVAI,"{""type"":""MultiPoint"",""coordinates"":[]}"
226,2025-08-15,-0.852440303269372,UVAI,"{""type"":""MultiPoint"",""coordinates"":[]}"
227,2025-08-16,-1.3416700370414674,UVAI,"{""type"":""MultiPoint"",""coordinates"":[]}"
228,2025-08-17,-1.1593000743099025,UVAI,"{""type"":""MultiPoint"",""coordinates"":[]}"
229,2025-08-18,-0.054338373055140984,UVAI,"{""type"":""MultiPoint"",""coordinates"":[]}"
230,2025-08-19,-0.5051587893111467,UVAI,"{""type"":""MultiPoint"",""coordinates"":[]}"
231,2025-08-20,-0.9646554634764589,UVAI,"{""type"":""MultiPoint"",""coordinates"":[]}"
232,2025-08-21,-1.3163645440816123,UVAI,"{""type"":""MultiPoint"",""coordinates"":[]}"
233,2025-08-22,-1.3939390073540157,UVAI,"{""type"":""MultiPoint"",""coordinates"":[]}"
234,2025-08-23,-0.2599423628016952,UVAI,"{""type"":""MultiPoint"",""coordinates"":[]}"
235,2025-08-24,-0.49636935958169076,UVAI,"{""type"":""MultiPoint"",""coordinates"":[]}"
236,2025-08-25,-0.8079959958675921,UVAI,"{""type"":""MultiPoint"",""coordinates"":[]}"
237,2025-08-26,-1.0817074600618357,UVAI,"{""type"":""MultiPoint"",""coordinates"":[]}"
238,2025-08-27,-1.4836160509254817,UVAI,"{""type"":""MultiPoint"",""coordinates"":[]}"
239,2025-08-28,-0.730334899373321,UVAI,"{""type"":""MultiPoint"",""coordinates"":[]}"
240,2025-08-29,-0.15001446935546042,UVAI,"{""type"":""MultiPoint"",""coordinates"":[]}"
241,2025-08-30,-0.6861269770149393,UVAI,"{""type"":""MultiPoint"",""coordinates"":[]}"
242,2025-08-31,-1.076640324210002,UVAI,"{""type"":""MultiPoint"",""coordinates"":[]}"
243,2025-09-01,-1.1397935822254361,UVAI,"{""type"":""MultiPoint"",""coordinates"":[]}"
244,2025-09-02,-0.9570259768862263,UVAI,"{""type"":""MultiPoint"",""coordinates"":[]}"
245,2025-09-03,-0.183351545732564,UVAI,"{""type"":""MultiPoint"",""coordinates"":[]}"
246,2025-09-04,-0.5696718213618057,UVAI,"{""type"":""MultiPoint"",""coordinates"":[]}"
247,2025-09-05,-1.0600758669823427,UVAI,"{""type"":""MultiPoint"",""coordinates"":[]}"
248,2025-09-06,-1.3819985242442485,UVAI,"{""type"":""MultiPoint"",""coordinates"":[]}"
249,2025-09-07,-1.2749705922258237,UVAI,"{""type"":""MultiPoint"",""coordinates"":[]}"
250,2025-09-08,0.017766245800568008,UVAI,"{""type"":""MultiPoint"",""coordinates"":[]}"
251,2025-09-09,-0.28998753013959566,UVAI,"{""type"":""MultiPoint"",""coordinates"":[]}"
252,2025-09-10,-0.9706067833468601,UVAI,"{""type"":""MultiPoint"",""coordinates"":[]}"
253,2025-09-11,-1.4772878301872998,UVAI,"{""type"":""MultiPoint"",""coordinates"":[]}"
254,2025-09-12,-1.6818702001087822,UVAI,"{""type"":""MultiPoint"",""coordinates"":[]}"
255,2025-09-13,-0.7295123424901522,UVAI,"{""type"":""MultiPoint"",""coordinates"":[]}"
256,2025-09-14,-0.12271481945939088,UVAI,"{""type"":""MultiPoint"",""coordinates"":[]}"
257,2025-09-15,-0.6286772463177773,UVAI,"{""type"":""MultiPoint"",""coordinates"":[]}"
258,2025-09-16,-1.2007642662276148,UVAI,"{""type"":""MultiPoint"",""coordinates"":[]}"
259,2025-09-17,-1.6969481843151215,UVAI,"{""type"":""MultiPoint"",""coordinates"":[]}"
260,2025-09-18,-1.1045651966616272,UVAI,"{""type"":""MultiPoint"",""coordinates"":[]}"
261,2025-09-19,-0.06552293372952954,UVAI,"{""type"":""MultiPoint"",""coordinates"":[]}"
262,2025-09-20,-0.6826158342529782,UVAI,"{""type"":""MultiPoint"",""coordinates"":[]}"
263,2025-09-21,-1.2307006707367885,UVAI,"{""type"":""MultiPoint"",""coordinates"":[]}"
264,2025-09-22,-1.6187457121775883,UVAI,"{""type"":""MultiPoint"",""coordinates"":[]}"
265,2025-09-23,-0.9717289531167685,UVAI,"{""type"":""MultiPoint"",""coordinates"":[]}"
266,2025-09-24,-0.026806028376163686,UVAI,"{""type"":""MultiPoint"",""coordinates"":[]}"
267,2025-09-25,-0.2874243554727094,UVAI,"{""type"":""MultiPoint"",""coordinates"":[]}"
268,2025-09-26,-0.8416510489724466,UVAI,"{""type"":""MultiPoint"",""coordinates"":[]}"
269,2025-09-27,-1.4068850048665895,UVAI,"{""type"":""MultiPoint"",""coordinates"":[]}"
270,2025-09-28,-1.454808464687364,UVAI,"{""type"":""MultiPoint"",""coordinates"":[]}"
271,2025-09-29,-0.33976907570460074,UVAI,"{""type"":""MultiPoint"",""coordinates"":[]}"
272,2025-09-30,-0.3172563325276089,UVAI,"{""type"":""MultiPoint"",""coordinates"":[]}"
273,2025-10-01,-0.6536291441397037,UVAI,"{""type"":""MultiPoint"",""coordinates"":[]}"
274,2025-10-02,-1.1656229819065418,UVAI,"{""type"":""MultiPoint"",""coordinates"":[]}"
275,2025-10-03,-1.6485331292647019,UVAI,"{""type"":""MultiPoint"",""coordinates"":[]}"
276,2025-10-04,-1.0500950294076994,UVAI,"{""type"":""MultiPoint"",""coordinates"":[]}"
277,2025-10-05,0.24404981741969675,UVAI,"{""type"":""MultiPoint"",""coordinates"":[]}"
278,2025-10-06,-0.4850327768688119,UVAI,"{""type"":""MultiPoint"",""coordinates"":[]}"
279,2025-10-07,-1.1161288609832782,UVAI,"{""type"":""MultiPoint"",""coordinates"":[]}"
280,2025-10-08,-1.5844101979957064,UVAI,"{""type"":""MultiPoint"",""coordinates"":[]}"
281,2025-10-09,-1.2188753399243868,UVAI,"{""type"":""MultiPoint"",""coordinates"":[]}"
282,2025-10-10,0.1430110102953505,UVAI,"{""type"":""MultiPoint"",""coordinates"":[]}"
283,2025-10-11,-0.29662822004026856,UVAI,"{""type"":""MultiPoint"",""coordinates"":[]}"
284,2025-10-12,-1.0305371376754051,UVAI,"{""type"":""MultiPoint"",""coordinates"":[]}"
285,2025-10-13,-1.2420605340017077,UVAI,"{""type"":""MultiPoint"",""coordinates"":[]}"
286,2025-10-14,-0.7966987778379069,UVAI,"{""type"":""MultiPoint"",""coordinates"":[]}"
287,2025-10-15,-0.057214998079832574,UVAI,"{""type"":""MultiPoint"",""coordinates"":[]}"
288,2025-10-16,-0.3094215245051296,UVAI,"{""type"":""MultiPoint"",""coordinates"":[]}"
289,2025-10-17,-0.7851750475451451,UVAI,"{""type"":""MultiPoint"",""coordinates"":[]}"
290,2025-10-18,-1.0556507911589936,UVAI,"{""type"":""MultiPoint"",""coordinates"":[]}"
291,2025-10-19,-0.9784867129691015,UVAI,"{""type"":""MultiPoint"",""coordinates"":[]}"
292,2025-10-20,-0.19683756376972641,UVAI,"{""type"":""MultiPoint"",""coordinates"":[]}"
293,2025-10-21,-0.12923694539182187,UVAI,"{""type"":""MultiPoint"",""coordinates"":[]}"
294,2025-10-22,-0.522559275232702,UVAI,"{""type"":""MultiPoint"",""coordinates"":[]}"
295,2025-10-23,-0.8998904714867235,UVAI,"{""type"":""MultiPoint"",""coordinates"":[]}"
296,2025-10-24,-1.0390239231179603,UVAI,"{""type"":""MultiPoint"",""coordinates"":[]}"
297,2025-10-25,-0.34066779873014,UVAI,"{""type"":""MultiPoint"",""coordinates"":[]}"
298,2025-10-26,0.10185985584059484,UVAI,"{""type"":""MultiPoint"",""coordinates"":[]}"
299,2025-10-27,-0.39086344858318744,UVAI,"{""type"":""MultiPoint"",""coordinates"":[]}"
300,2025-10-28,-0.7966416338919141,UVAI,"{""type"":""MultiPoint"",""coordinates"":[]}"
301,2025-10-29,-1.528930852576246,UVAI,"{""type"":""MultiPoint"",""coordinates"":[]}"
302,2025-10-30,-1.2013794321111044,UVAI,"{""type"":""MultiPoint"",""coordinates"":[]}"
303,2025-10-31,-0.12215824764620145,UVAI,"{""type"":""MultiPoint"",""coordinates"":[]}"
304,2025-11-01,0.11851828467736908,UVAI,"{""type"":""MultiPoint"",""coordinates"":[]}"
305,2025-11-02,-0.5801138396953346,UVAI,"{""type"":""MultiPoint"",""coordinates"":[]}"
306,2025-11-03,-1.0170734603127853,UVAI,"{""type"":""MultiPoint"",""coordinates"":[]}"
307,2025-11-04,-1.3716325181638762,UVAI,"{""type"":""MultiPoint"",""coordinates"":[]}"
308,2025-11-05,-0.45614604878857956,UVAI,"{""type"":""MultiPoint"",""coordinates"":[]}"
309,2025-11-06,0.17009049717192368,UVAI,"{""type"":""MultiPoint"",""coordinates"":[]}"
310,2025-11-07,-0.39926449999146807,UVAI,"{""type"":""MultiPoint"",""coordinates"":[]}"
311,2025-11-08,-0.6200704096802166,UVAI,"{""type"":""MultiPoint"",""coordinates"":[]}"
312,2025-11-09,-0.6147396381992402,UVAI,"{""type"":""MultiPoint"",""coordinates"":[]}"
313,2025-11-10,0.0683481761345177,UVAI,"{""type"":""MultiPoint"",""coordinates"":[]}"
314,2025-11-11,0.2658413699448876,UVAI,"{""type"":""MultiPoint"",""coordinates"":[]}"
315,2025-11-12,-0.25364778829294726,UVAI,"{""type"":""MultiPoint"",""coordinates"":[]}"
316,2025-11-13,-0.49459799919741243,UVAI,"{""type"":""MultiPoint"",""coordinates"":[]}"
317,2025-11-14,-0.5437301211730894,UVAI,"{""type"":""MultiPoint"",""coordinates"":[]}"
318,2025-11-15,-0.20504496098015138,UVAI,"{""type"":""MultiPoint"",""coordinates"":[]}"
319,2025-11-16,0.23989320786623403,UVAI,"{""type"":""MultiPoint"",""coordinates"":[]}"
320,2025-11-17,-0.14806591966173854,UVAI,"{""type"":""MultiPoint"",""coordinates"":[]}"
321,2025-11-18,-0.3085391334928231,UVAI,"{""type"":""MultiPoint"",""coordinates"":[]}"
322,2025-11-19,-0.49650583310314633,UVAI,"{""type"":""MultiPoint"",""coordinates"":[]}"
323,2025-11-20,-0.46544861015209427,UVAI,"{""type"":""MultiPoint"",""coordinates"":[]}"
324,2025-11-21,0.162889055516416,UVAI,"{""type"":""MultiPoint"",""coordinates"":[]}"
325,2025-11-22,0.014897440271826478,UVAI,"{""type"":""MultiPoint"",""coordinates"":[]}"
326,2025-11-23,-0.15875420177299088,UVAI,"{""type"":""MultiPoint"",""coordinates"":[]}"
327,2025-11-24,-0.2705222481090665,UVAI,"{""type"":""MultiPoint"",""coordinates"":[]}"
328,2025-11-25,-0.0985254561498433,UVAI,"{""type"":""MultiPoint"",""coordinates"":[]}"
329,2025-11-26,0.3708398097361521,UVAI,"{""type"":""MultiPoint"",""coordinates"":[]}"
330,2025-11-27,0.3006687144000081,UVAI,"{""type"":""MultiPoint"",""coordinates"":[]}"
331,2025-11-28,0.005413449206715447,UVAI,"{""type"":""MultiPoint"",""coordinates"":[]}"
332,2025-11-29,-0.22011030771853257,UVAI,"{""type"":""MultiPoint"",""coordinates"":[]}"
333,2025-11-30,-0.27220709956926703,UVAI,"{""type"":""MultiPoint"",""coordinates"":[]}"
334,2025-12-01,-0.05975915119450281,UVAI,"{""type"":""MultiPoint"",""coordinates"":[]}"
335,2025-12-02,0.6206925357623202,UVAI,"{""type"":""MultiPoint"",""coordinates"":[]}"
336,2025-12-03,0.44977860195855635,UVAI,"{""type"":""MultiPoint"",""coordinates"":[]}"
337,2025-12-04,-0.20465880836510592,UVAI,"{""type"":""MultiPoint"",""coordinates"":[]}"
338,2025-12-05,-0.24293663377967945,UVAI,"{""type"":""MultiPoint"",""coordinates"":[]}"
339,2025-12-06,0.15183918173870353,UVAI,"{""type"":""MultiPoint"",""coordinates"":[]}"
340,2025-12-07,0.6801659780273285,UVAI,"{""type"":""MultiPoint"",""coordinates"":[]}"
341,2025-12-08,0.5571905951509928,UVAI,"{""type"":""MultiPoint"",""coordinates"":[]}"
342,2025-12-09,-0.018494046624332346,UVAI,"{""type"":""MultiPoint"",""coordinates"":[]}"
343,2025-12-10,-0.18645331576768032,UVAI,"{""type"":""MultiPoint"",""coordinates"":[]}"
344,2025-12-11,0.03438801666769971,UVAI,"{""type"":""MultiPoint"",""coordinates"":[]}"
345,2025-12-12,0.3224077873677572,UVAI,"{""type"":""MultiPoint"",""coordinates"":[]}"
346,2025-12-13,0.3909638556887569,UVAI,"{""type"":""MultiPoint"",""coordinates"":[]}"
347,2025-12-14,0.053876759518552066,UVAI,"{""type"":""MultiPoint"",""coordinates"":[]}"
348,2025-12-15,-0.12645882096262684,UVAI,"{""type"":""MultiPoint"",""coordinates"":[]}"
349,2025-12-16,-0.3225039061738559,UVAI,"{""type"":""MultiPoint"",""coordinates"":[]}"
350,2025-12-17,0.13174775650816228,UVAI,"{""type"":""MultiPoint"",""coordinates"":[]}"
351,2025-12-18,0.5014100335900434,UVAI,"{""type"":""MultiPoint"",""coordinates"":[]}"
352,2025-12-19,0.15407138477383708,UVAI,"{""type"":""MultiPoint"",""coordinates"":[]}"
353,2025-12-20,-0.19210303351202063,UVAI,"{""type"":""MultiPoint"",""coordinates"":[]}"
354,2025-12-21,-0.2995111531861856,UVAI,"{""type"":""MultiPoint"",""coordinates"":[]}"
355,2025-12-22,-0.11975233197516738,UVAI,"{""type"":""MultiPoint"",""coordinates"":[]}"
356,2025-12-23,0.5002034309281045,UVAI,"{""type"":""MultiPoint"",""coordinates"":[]}"
357,2025-12-24,0.21753168392369832,UVAI,"{""type"":""MultiPoint"",""coordinates"":[]}"
358,2025-12-25,-0.14055685358131126,UVAI,"{""type"":""MultiPoint"",""coordinates"":[]}"
359,2025-12-26,-0.424525030670299,UVAI,"{""type"":""MultiPoint"",""coordinates"":[]}"
360,2025-12-27,-0.21230255896168282,UVAI,"{""type"":""MultiPoint"",""coordinates"":[]}"
361,2025-12-28,0.344173402436356,UVAI,"{""type"":""MultiPoint"",""coordinates"":[]}"
362,2025-12-29,0.36451741381942265,UVAI,"{""type"":""MultiPoint"",""coordinates"":[]}"
363,2025-12-30,0.029586430200592734,UVAI,"{""type"":""MultiPoint"",""coordinates"":[]}"
364,2025-12-31,-0.3472202456331758,UVAI,"{""type"":""MultiPoint"",""coordinates"":[]}"
