,LST Day,LST Night,UHI,AOD,UVAI,CH₄,HCHO,O₃,NO₂,CO,SO₂
LST Day,1.0,-0.082,0.422,0.151,0.155,0.397,0.288,-0.189,0.415,0.26,0.337
LST Night,-0.082,1.0,-0.067,-0.277,-0.334,-0.008,-0.282,-0.409,-0.113,-0.005,0.164
UHI,0.422,-0.067,1.0,-0.055,0.019,0.107,-0.041,-0.041,-0.004,-0.046,0.012
AOD,0.151,-0.277,-0.055,1.0,0.661,0.167,0.626,0.67,0.474,0.75,0.333
UVAI,0.155,-0.334,0.019,0.661,1.0,0.415,0.534,0.675,0.453,0.406,0.039
CH₄,0.397,-0.008,0.107,0.167,0.415,1.0,0.518,0.226,0.701,0.285,0.192
HCHO,0.288,-0.282,-0.041,0.626,0.534,0.518,1.0,0.528,0.801,0.556,0.327
O₃,-0.189,-0.409,-0.041,0.67,0.675,0.226,0.528,1.0,0.306,0.313,-0.139
NO₂,0.415,-0.113,-0.004,0.474,0.453,0.701,0.801,0.306,1.0,0.525,0.428
CO,0.26,-0.005,-0.046,0.75,0.406,0.285,0.556,0.313,0.525,1.0,0.572
SO₂,0.337,0.164,0.012,0.333,0.039,0.192,0.327,-0.139,0.428,0.572,1.0
