,PC1,PC2,PC3,PC4,PC5,PC6,PC7,PC8,PC9,PC10
LST Day,0.413,-0.51,-0.347,-0.518,0.383,-0.061,-0.137,-0.023,0.087,-0.055
LST Night,-0.213,-0.58,0.416,0.523,0.376,-0.036,-0.142,-0.093,0.013,-0.005
AOD,0.808,0.258,0.427,-0.158,0.073,-0.041,-0.122,0.039,0.054,0.219
UVAI,0.783,0.346,-0.095,0.055,0.248,0.398,-0.061,-0.044,-0.168,-0.034
CH₄,0.703,-0.243,-0.47,0.236,0.183,-0.102,0.339,-0.052,-0.009,0.094
HCHO,0.853,-0.033,-0.127,0.079,-0.27,-0.309,-0.187,-0.133,-0.164,-0.039
O₃,0.651,0.675,0.065,0.17,0.032,-0.04,0.02,-0.141,0.232,-0.107
NO₂,0.608,-0.468,-0.351,0.29,-0.318,0.182,-0.154,0.176,0.124,0.011
CO,0.782,-0.118,0.493,-0.024,0.083,-0.111,0.145,0.274,-0.046,-0.117
SO₂,0.411,-0.621,0.453,-0.224,-0.297,0.185,0.148,-0.212,0.025,-0.014
