LST,pollutant,n,slope,intercept,r,R2,p
LST Day,AOD,4901,0.8609918012506226,25.355329423081304,0.1746194831555954,0.03049196389752726,7.407726743209555e-35
LST Night,AOD,4901,-1.002564821743117,20.330821664465976,-0.18428802968171568,0.03396207788396892,1.0767477408269625e-38
LST Day,UVAI,4901,2.2515670511839168,26.643558472096572,0.21884005897438452,0.04789097141191209,3.221249224905531e-54
LST Night,UVAI,4901,-3.277175664109672,18.56221400385935,-0.28869059925479257,0.08334226209809124,1.0520113016209262e-94
LST Day,CH₄,4901,0.022357860030087606,-17.800901526589936,0.4802102706723161,0.23060190405917907,3.1788840146457814e-281
LST Night,CH₄,4901,-0.0026904853582617825,25.14239755881818,-0.05237485417756364,0.0027431253501210557,0.0002442676755580678
LST Day,HCHO,4901,1.173918191719897,23.326182112870697,0.304827863594161,0.0929200264233804,6.680267604821356e-106
LST Night,HCHO,4901,-0.9666877188700918,21.877108054891846,-0.22750660681694015,0.0517592561453578,1.4467781036435265e-58
LST Day,O₃,4901,-0.05772894349720135,41.69473890705181,-0.14430616454926107,0.020824269126918413,3.2110553812961453e-24
LST Night,O₃,4901,-0.17058401474894902,67.10628748739359,-0.38647427240975374,0.14936236323464855,2.3912454869918766e-174
LST Day,NO₂,4901,0.013405483206984904,25.230303743293277,0.35568527515166287,0.12651201495971412,4.111992347717608e-146
LST Night,NO₂,4901,0.0011774100061712667,19.862002453848543,0.0283140580516029,0.0008016858833495389,0.047470507904038804
LST Day,CO,4901,115.7450804323179,20.82362470928292,0.23997400043050793,0.05758752088262142,3.79018565625445e-65
LST Night,CO,4901,44.654232619014884,18.01572069375318,0.08391029793602289,0.0070409380997121275,4.0241136091741915e-09
LST Day,SO₂,4901,0.008172574172550835,25.03943769174476,0.3079338140176241,0.09482323381544071,3.854992843669051e-108
LST Night,SO₂,4901,0.006572681215191407,19.357007252197246,0.22445643536542592,0.050380691376953626,5.148342061089986e-57
