variable,month,mean,std,coverage_%
AOD,1,0.6221,0.2294,99.9135
AOD,2,0.6029,0.2163,99.9175
AOD,3,0.4805,0.1135,99.8689
AOD,4,0.5829,0.1674,98.6509
AOD,5,0.6669,0.2286,92.8556
AOD,6,0.6592,0.3358,61.8531
AOD,7,0.28,0.0982,11.4967
AOD,8,0.1871,0.085,24.9469
AOD,9,0.2134,0.0891,89.1289
AOD,10,0.283,0.099,99.6832
AOD,11,0.2887,0.1516,99.8516
AOD,12,0.3188,0.179,99.8136
UVAI,1,-0.1893,0.153,100.0
UVAI,2,-0.0749,0.1332,100.0
UVAI,3,-0.0583,0.0972,100.0
UVAI,4,-0.1476,0.1188,100.0
UVAI,5,-0.5366,0.1381,100.0
UVAI,6,-0.7444,0.1223,100.0
UVAI,7,-0.7495,0.0932,100.0
UVAI,8,-0.8093,0.092,100.0
UVAI,9,-0.8106,0.0941,100.0
UVAI,10,-0.6588,0.085,100.0
UVAI,11,-0.208,0.1136,100.0
UVAI,12,0.1244,0.1298,100.0
CH4,1,1946.3619,15.9975,99.4372
CH4,2,1942.6364,19.2866,99.6655
CH4,3,1938.5791,19.0756,99.3719
CH4,4,1931.8799,23.2393,94.9531
CH4,5,1927.6959,21.9859,53.2082
CH4,6,1959.6953,35.3299,15.1281
CH4,7,1928.6774,27.4824,0.2605
CH4,8,1952.1902,3.0494,0.1244
CH4,9,1971.295,28.7476,24.8567
CH4,10,1977.0578,29.1336,89.8527
CH4,11,1953.7622,19.7994,99.2467
CH4,12,1944.9023,18.3623,99.4656
HCHO,1,1.924,0.3232,100.0
HCHO,2,2.007,0.3169,100.0
HCHO,3,2.4808,0.3545,100.0
HCHO,4,2.3092,0.4127,100.0
HCHO,5,2.3383,0.4339,100.0
HCHO,6,1.97,0.4578,99.9509
HCHO,7,1.7959,0.4774,99.2469
HCHO,8,1.4685,0.4625,99.9657
HCHO,9,1.6899,0.4153,100.0
HCHO,10,1.9068,0.3394,100.0
HCHO,11,2.0115,0.4012,100.0
HCHO,12,1.8533,0.3723,100.0
O3,1,264.2617,2.6097,100.0
O3,2,274.5076,5.1384,100.0
O3,3,284.9748,2.7997,100.0
O3,4,294.9323,3.1661,100.0
O3,5,295.3486,2.0815,100.0
O3,6,286.7677,1.6711,100.0
O3,7,280.9039,1.0603,100.0
O3,8,277.8827,0.6172,100.0
O3,9,273.3358,0.8357,100.0
O3,10,272.9851,1.9764,100.0
O3,11,254.8521,1.1308,100.0
O3,12,253.439,0.8062,100.0
LST_Day,1,21.222,1.0991,99.9114
LST_Day,2,23.6408,1.4765,99.9955
LST_Day,3,27.4827,1.6959,99.9974
LST_Day,4,28.5935,1.8315,99.9719
LST_Day,5,29.6289,1.4743,99.9643
LST_Day,6,28.9023,1.4921,96.0831
LST_Day,7,28.8786,3.1815,32.0158
LST_Day,8,26.4894,2.8094,47.0499
LST_Day,9,28.3905,1.3215,99.4307
LST_Day,10,27.9958,0.9199,99.9974
LST_Day,11,24.7683,0.7013,99.9981
LST_Day,12,21.6362,0.8817,99.9962
LST_Night,1,15.6755,1.4186,99.9987
LST_Night,2,18.1299,1.504,99.9987
LST_Night,3,21.5589,1.3202,99.9981
LST_Night,4,24.2397,0.8408,99.9981
LST_Night,5,24.5059,1.0332,99.9898
LST_Night,6,26.2819,1.4608,89.6963
LST_Night,7,26.2609,0.8076,29.7596
LST_Night,8,25.7097,1.6112,14.89
LST_Night,9,26.7572,0.9577,88.8465
LST_Night,10,25.1616,1.0572,99.9943
LST_Night,11,20.1548,1.3565,99.9987
LST_Night,12,16.2686,1.3407,99.9987
